aID_KD;aID_STAO;yearBu;Date_Bu1;Date_Bu2;Date_Bu3;Date_Bu4;Date_Bu5;Date_Bu6;Date_Bu7;Kanton;BGR_6;Transektlaenge
3069848039;611270;;;;;;;;;Basel-Stadt;Mittelland;2.512
3070373671;629262;;;;;;;;;Basel-Landschaft;Mittelland;2.521
3070455104;617254;;;;;;;;;Solothurn;Jura;2.512
3070962392;623238;;;;;;;;;Solothurn;Mittelland;2.524
3071571323;599222;;;;;;;;;Bern;Mittelland;2.574
3071674000;575206;;;;;;;;;Bern;Mittelland;2.518
3071818124;593198;;;;;;;;;Bern;Mittelland;2.514
3072180646;617214;;;;;;;;;Bern;Mittelland;2.529
3072421543;635246;;;;;;;;;Solothurn;Jura;2.56
3072505568;605246;;;;;;;;;Jura;Jura;2.529
3072701351;611190;;;;;;;;;Bern;Mittelland;2.543
3073467259;575246;;;;;;;;;Jura;Jura;2.526
3074685458;569222;;;;;;;;;Bern;Jura;2.551
3074758798;581230;;;;;;;;;Bern;Jura;2.513
3075205417;593238;;;;;;;;;Bern;Jura;2.504
3076137258;809182;;;;;;;;;Graubünden;Östliche Zentralalpen;2.534
3043343576;749182;;;;;;;;;Graubünden;Östliche Zentralalpen;2.532
3044685947;767174;;;;;;;;;Graubünden;Östliche Zentralalpen;2.507
3085404947;551110;;;;;;;;;Valais;Alpennordflanke;2.493
3085405032;569102;;;;;;;;;Valais;Westliche Zentralalpen;2.523
3085405099;557134;;;;;;;;;Vaud;Alpennordflanke;2.518
3085405171;611110;;;;;;;;;Valais;Westliche Zentralalpen;2.468
3085405284;617134;;;;;;;;;Valais;Westliche Zentralalpen;2.556
3085405355;593118;;;;;;;;;Valais;Westliche Zentralalpen;2.572
3071574446;659222;;;;;;;;;Luzern;Mittelland;2.509
3072848724;641230;;;;;;;;;Luzern;Mittelland;2.355
3073631247;677214;;;;;;;;;Schwyz;Alpennordflanke;2.496
3073885295;671190;;;;;;;;;Obwalden;Alpennordflanke;2.513
3074058844;707254;;;;;;;;;Zürich;Mittelland;2.491
3074232375;695206;;;;;;;;;Schwyz;Alpennordflanke;2.588
3075265571;653198;;;;;;;;;Luzern;Alpennordflanke;2.509
3075440617;635206;;;;;;;;;Luzern;Alpennordflanke;2.587
3040800590;689262;;;;;;;;;Zürich;Mittelland;2.534
3040292460;683238;;;;;;;;;Zürich;Mittelland;2.528
3041148251;749262;;;;;;;;;St. Gallen;Mittelland;2.534
3075020844;725246;;;;;;;;;St. Gallen;Alpennordflanke;2.518
3060280256;503158;;;;;;;;;Vaud;Jura;2.542
3060281587;515166;;;;;;;;;Vaud;Jura;2.502
3060282697;521150;;;;;;;;;Vaud;Mittelland;2.552
3060283690;527174;;;;;;;;;Vaud;Jura;2.556
3060284221;533198;;;;;;;;;Neuchâtel;Jura;2.512
3060285326;545166;;;;;;;;;Vaud;Mittelland;2.533
3060286297;545206;;;;;;;;;Neuchâtel;Jura;2.577
3060287781;557214;;;;;;;;;Neuchâtel;Jura;2.504
3060288256;563158;;;;;;;;;Fribourg;Alpennordflanke;2.493
3060289147;569182;;;;;;;;;Fribourg;Mittelland;2.291
3060291122;575126;;;;;;;;;Vaud;Alpennordflanke;2.527
3060292132;581150;;;;;;;;;Vaud;Alpennordflanke;2.521
3060293216;731190;;;;;;;;;Graubünden;Östliche Zentralalpen;2.517
3060293722;737214;;;;;;;;;St. Gallen;Alpennordflanke;2.552
4040569971;737134;;;;;;;;;Graubünden;Alpensüdflanke;2.592
4040778123;707094;;;;;;;;;Ticino;Alpensüdflanke;2.498
4040852366;719102;;;;;;;;;Ticino;Alpensüdflanke;2.487
4041128956;725086;;;;;;;;;Ticino;Alpensüdflanke;2.135
4041397322;719142;;;;;;;;;Ticino;Alpensüdflanke;2.572
4041500232;701150;;;;;;;;;Ticino;Alpensüdflanke;2.521
4041924136;725166;;;;;;;;;Graubünden;Östliche Zentralalpen;2.377
4042017866;707174;;;;;;;;;Graubünden;Östliche Zentralalpen;2.515
4042178452;743158;;;;;;;;;Graubünden;Östliche Zentralalpen;2.531
4043278901;725126;;;;;;;;;Graubünden;Alpensüdflanke;2.575
4043461309;683158;;;;;;;;;Ticino;Alpensüdflanke;2.383
3071657044;635126;;;;;;;;;Valais;Westliche Zentralalpen;2.47
3073969422;629182;;;;;;;;;Bern;Alpennordflanke;2.685
3074000893;605166;;;;;;;;;Bern;Alpennordflanke;2.506
3074078847;773198;;;;;;;;;Graubünden;Östliche Zentralalpen;2.544
3074147382;755206;;;;;;;;;St. Gallen;Östliche Zentralalpen;2.448
3074250021;743238;;;;;;;;;Appenzell Innerrhoden;Alpennordflanke;2.531
3074588953;623158;;;;;;;;;Bern;Alpennordflanke;2.483
3074756698;659142;;;;;;;;;Valais;Westliche Zentralalpen;2.498
3075902758;599142;;;;;;;;;Bern;Alpennordflanke;2.513
3076129751;665166;;;;;;;;;Bern;Alpennordflanke;2.532
3076152553;647174;;;;;;;;;Bern;Alpennordflanke;2.516
3076245075;653118;;;;;;;;;Valais;Alpensüdflanke;2.479
3076671775;587174;;;;;;;;;Fribourg;Alpennordflanke;2.531
3086368601;719222;;;;;;;;;Glarus;Alpennordflanke;2.431
3086710293;695286;;;;;;;;;Schaffhausen;Mittelland;2.534
3086738274;731270;;;;;;;;;Thurgau;Mittelland;2.512
3086751603;713278;;;;;;;;;Thurgau;Mittelland;2.513
3090475881;695126;;;;;;;;;Ticino;Alpensüdflanke;2.489
3090401270;797134;;;;;;;;;Graubünden;Alpensüdflanke;2.507
3042958444;689142;;;;;;;;;Ticino;Alpensüdflanke;2.523
3043380136;767134;;;;;;;;;Graubünden;Alpensüdflanke;2.45
3044519304;707134;;;;;;;;;Ticino;Alpensüdflanke;1.989
3044626132;713158;;;;;;;;;Ticino;Alpensüdflanke;2.493
3044779255;689182;;;;;;;;;Uri;Alpennordflanke;1.928
3046070602;791190;;;;;;;;;Graubünden;Östliche Zentralalpen;2.525
3046256638;785166;;;;;;;;;Graubünden;Östliche Zentralalpen;1.885
3048065592;713198;;;;;;;;;Schwyz;Alpennordflanke;1.265
3049347706;587094;;;;;;;;;Valais;Westliche Zentralalpen;1.075
3071557937;665246;;;;;;;;;Aargau;Mittelland;2.46
3073369480;647254;;;;;;;;;Aargau;Jura;2.566
4043728569;761150;;;;;;;;;Graubünden;Östliche Zentralalpen;2.558
76831501;683150;;;;;;;;;Ticino;Alpensüdflanke;2.502
76951181;695118;;;;;;;;;Ticino;Alpensüdflanke;2.485
77011421;701142;;;;;;;;;Ticino;Alpensüdflanke;1.36
77131101;713110;;;;;;;;;Ticino;Alpensüdflanke;2.504
77131501;713150;;;;;;;;;Ticino;Alpensüdflanke;2.497
77191341;719134;;;;;;;;;Ticino;Alpensüdflanke;2.5
77191741;719174;;;;;;;;;Graubünden;Östliche Zentralalpen;2.49
77251181;725118;;;;;;;;;Ticino;Alpensüdflanke;2.504
3102746435;695238;;;;;;;;;Zürich;Mittelland;2.506
3105690081;719254;;;;;;;;;St. Gallen;Mittelland;2.585
3103118179;743270;;;;;;;;;Thurgau;Mittelland;2.498
3104736655;749214;;;;;;;;;St. Gallen;Alpennordflanke;2.494
3103079595;605198;;;;;;;;;Bern;Mittelland;2.508
3105674899;737246;;;;;;;;;Appenzell Ausserrhoden;Alpennordflanke;2.505
3101871287;563190;;;;;;;;;Vaud;Mittelland;2.513
3116692360;587126;;;;;;;;;Valais;Westliche Zentralalpen;2.497
3103084087;587206;;;;;;;;;Bern;Mittelland;2.529
3113977101;593150;;;;;;;;;Bern;Alpennordflanke;2.501
3114157979;599174;;;;;;;;;Bern;Alpennordflanke;2.505
3106370741;635158;;;;;;;;;Bern;Alpennordflanke;2.51
3106542026;647126;;;;;;;;;Valais;Westliche Zentralalpen;2.289
3104127638;659174;;;;;;;;;Bern;Alpennordflanke;2.505
3107153417;731222;;;;;;;;;St. Gallen;Alpennordflanke;2.333
3107227202;743190;;;;;;;;;Graubünden;Östliche Zentralalpen;2.501
3107347166;761182;;;;;;;;;Graubünden;Östliche Zentralalpen;2.502
3107405671;779174;;;;;;;;;Graubünden;Östliche Zentralalpen;2.567
3107434768;785198;;;;;;;;;Graubünden;Östliche Zentralalpen;2.501
3116156023;503150;;;;;;;;;Vaud;Jura;2.513
3116076368;515158;;;;;;;;;Vaud;Jura;2.504
3116117854;533190;;;;;;;;;Vaud;Jura;2.499
3102084940;539174;;;;;;;;;Vaud;Mittelland;2.504
3116086984;545198;;;;;;;;;Neuchâtel;Jura;2.503
3116067659;557166;;;;;;;;;Fribourg;Mittelland;2.501
3115990871;557206;;;;;;;;;Neuchâtel;Jura;2.512
3116015287;563230;;;;;;;;;Jura;Jura;2.508
3116024402;569214;;;;;;;;;Neuchâtel;Jura;2.507
3116004729;575238;;;;;;;;;Jura;Jura;2.497
3116055495;581222;;;;;;;;;Bern;Jura;2.504
3116098823;713118;;;;;;;;;Ticino;Alpensüdflanke;2.43
3103782604;665198;;;;;;;;;Nidwalden;Alpennordflanke;2.489
3104486131;629214;;;;;;;;;Bern;Mittelland;2.5
3104729966;653230;;;;;;;;;Luzern;Mittelland;2.498
3104817484;647206;;;;;;;;;Luzern;Alpennordflanke;2.58
3105767834;623190;;;;;;;;;Bern;Alpennordflanke;2.571
3105940682;689214;;;;;;;;;Schwyz;Alpennordflanke;2.494
3106808328;641182;;;;;;;;;Luzern;Alpennordflanke;2.579
3103608523;581182;;;;;;;;;Fribourg;Mittelland;2.499
3107499235;779142;;;;;;;;;Graubünden;Östliche Zentralalpen;2.472
3108523925;797166;;;;;;;;;Graubünden;Östliche Zentralalpen;2.505
3110806895;725198;;;;;;;;;Glarus;Alpennordflanke;2.499
3105434361;569254;;;;;;;;;Jura;Jura;2.507
3105419716;587246;;;;;;;;;Jura;Jura;2.555
3106981899;593230;;;;;;;;;Bern;Jura;2.505
3105262483;599254;;;;;;;;;Solothurn;Jura;2.505
3106027110;605238;;;;;;;;;Bern;Jura;2.503
3101969635;611222;;;;;;;;;Solothurn;Mittelland;2.501
3105937670;617246;;;;;;;;;Solothurn;Jura;2.505
3104224510;629254;;;;;;;;;Basel-Landschaft;Jura;2.49
3102933259;677246;;;;;;;;;Zürich;Mittelland;2.5
3104488948;683270;;;;;;;;;Schaffhausen;Mittelland;2.506
3103711387;701262;;;;;;;;;Zürich;Mittelland;2.496
3103626060;725278;;;;;;;;;Thurgau;Mittelland;2.505
3117131693;611142;;;;;;;;;Bern;Alpennordflanke;1.754
3117129130;683190;;;;;;;;;Uri;Alpennordflanke;1.123
3117264378;701182;;;;;;;;;Uri;Alpennordflanke;2.368
3117251964;707206;;;;;;;;;Schwyz;Alpennordflanke;2.437
3103785995;635238;;;;;;;;;Aargau;Mittelland;2.51
3104217615;641262;;;;;;;;;Aargau;Jura;2.52
3102656022;659254;;;;;;;;;Aargau;Mittelland;2.498
3105083092;671222;;;;;;;;;Aargau;Mittelland;2.505
3108620598;563110;;;;;;;;;Valais;Westliche Zentralalpen;1.388
3108043683;569134;;;;;;;;;Vaud;Alpennordflanke;2.504
3109743009;575158;;;;;;;;;Fribourg;Alpennordflanke;2.5
3106552342;581102;;;;;;;;;Valais;Westliche Zentralalpen;2.505
3108447906;605118;;;;;;;;;Valais;Westliche Zentralalpen;2.526
3046241299;641102;;;;;;;;;Valais;Westliche Zentralalpen;2.525
3045208079;677126;;;;;;;;;Ticino;Alpensüdflanke;2.502
3041828351;689134;;;;;;;;;Ticino;Alpensüdflanke;2.378
3046071768;695158;;;;;;;;;Ticino;Alpensüdflanke;2.606
3047291348;737166;;;;;;;;;Graubünden;Östliche Zentralalpen;2.086
3044860590;755158;;;;;;;;;Graubünden;Östliche Zentralalpen;2.551
3047536720;773150;;;;;;;;;Graubünden;Östliche Zentralalpen;1.685
76831421;683142;2003;2003-05-28;2003-06-10;2003-06-27;2003-07-22;2003-07-29;2003-08-12;2003-09-02;Ticino;Alpensüdflanke;2.377
76951101;695110;;2003-05-18;2003-06-19;2003-07-12;2003-07-26;2003-08-03;2003-08-23;2003-08-31;Ticino;Alpensüdflanke;2.504
76951501;695150;2003;2003-05-23;2003-06-09;2003-07-07;2003-07-19;2003-08-05;2003-08-12;2003-08-27;Ticino;Alpensüdflanke;2.504
77011341;701134;2003;2003-05-14;2003-06-08;2003-07-02;2003-07-18;2003-07-30;2003-08-13;2003-09-05;Ticino;Alpensüdflanke;2.506
77071181;707118;2003;2003-05-05;2003-06-09;2003-06-30;2003-07-18;2003-07-28;2003-08-13;2003-09-04;Ticino;Alpensüdflanke;2.505
77131021;713102;2003;2003-05-03;2003-06-06;2003-06-27;2003-07-13;2003-08-06;2003-08-11;2003-09-03;Ticino;Alpensüdflanke;2.502
77131421;713142;2003;2003-05-14;2003-06-11;2003-07-08;2003-07-22;2003-07-29;2003-08-16;2003-09-02;Ticino;Alpensüdflanke;2.505
77191261;719126;;2003-04-27;2003-05-23;2003-06-29;2003-07-06;2003-07-22;2003-08-02;2003-09-14;Ticino;Alpensüdflanke;2.502
77251101;725110;2003;;2003-06-12;2003-06-25;2003-07-18;2003-08-09;2003-08-13;2003-08-26;Ticino;Alpensüdflanke;2.504
77311341;731134;2003;;2003-06-13;2003-06-30;2003-07-25;2003-08-08;2003-08-19;2003-09-04;Graubünden;Alpensüdflanke;2.504
77611341;761134;2003;2003-05-07;2003-06-05;2003-06-30;2003-07-18;2003-08-01;2003-08-19;2003-09-04;Graubünden;Alpensüdflanke;2.587
3046779801;671174;2004;;;2004-07-16;2004-07-23;2004-07-30;2004-08-15;;Bern;Alpennordflanke;0.901
3046939553;635110;2004;;;2003-06-29;2004-07-25;2003-08-08;2003-08-19;;Valais;Westliche Zentralalpen;0.877
3049356518;725150;2003;;;2003-07-06;2003-07-13;2003-07-30;2003-08-10;;Graubünden;Östliche Zentralalpen;1.265
3049622968;713182;2003;;;2003-07-07;2003-07-15;2003-07-25;2003-08-12;;Graubünden;Östliche Zentralalpen;1.613
3134453486;695270;2003;2003-05-04;2003-06-04;2003-06-25;2003-07-10;2003-07-23;2003-08-08;2003-08-22;Zürich;Mittelland;2.504
3134621008;671254;2003;2003-05-04;2003-06-03;2003-06-30;2003-07-14;2003-07-25;2003-08-11;2003-09-05;Zürich;Mittelland;2.504
3134629880;713262;2003;2003-05-06;2003-06-05;2003-07-09;2003-07-15;2003-08-06;2003-08-13;2003-08-27;Thurgau;Mittelland;2.504
3134717844;707238;2003;2003-05-06;2003-06-05;2003-07-07;2003-07-16;2003-07-30;2003-08-19;2003-09-03;Zürich;Mittelland;2.503
3134972035;665230;2003;2003-05-16;2003-06-04;2003-07-06;2003-07-25;2003-08-07;2003-08-09;2003-08-26;Luzern;Mittelland;2.504
3134982852;503142;2003;2003-05-08;2003-06-03;2003-07-07;2003-07-25;2003-08-09;2003-08-22;2003-09-06;Vaud;Jura;2.504
3134987014;575190;2003;2003-05-03;2003-06-03;2003-06-27;2003-07-11;2003-07-25;2003-08-09;2003-08-22;Fribourg;Mittelland;2.504
3135080955;545150;2003;2003-05-07;2003-06-05;2003-07-06;2003-07-22;2003-07-29;2003-08-19;2003-09-03;Vaud;Mittelland;2.503
3135140552;653262;2003;2003-05-16;2003-06-04;2003-07-07;2003-07-19;2003-08-02;2003-08-20;2003-08-25;Aargau;Mittelland;2.504
3135143437;599206;2003;2003-05-04;2003-06-03;2003-06-30;2003-07-14;2003-07-29;2003-08-11;2003-08-25;Bern;Mittelland;2.461
3135238817;605230;2003;2003-05-07;2003-06-03;2003-07-07;2003-07-15;2003-08-01;2003-08-12;2003-08-26;Solothurn;Jura;2.504
3135400403;677278;2003;2003-05-07;2003-06-03;2003-06-28;2003-07-10;2003-07-23;2003-08-08;2003-08-22;Schaffhausen;Mittelland;2.504
3135752569;641214;2003;2003-05-07;2003-06-04;2003-06-30;2003-07-14;2003-07-29;2003-08-12;2003-08-25;Luzern;Mittelland;2.502
3135832386;641254;2003;2003-05-16;2003-06-04;2003-07-07;2003-07-19;2003-08-02;2003-08-20;2003-08-25;Aargau;Jura;2.503
3135848161;599246;2003;2003-05-04;2003-05-31;2003-06-27;2003-07-10;2003-07-30;2003-08-09;2003-08-23;Jura;Jura;2.502
3135922043;755190;2003;2003-05-16;2003-06-03;2003-06-25;2003-07-11;2003-07-23;2003-08-14;2003-08-25;Graubünden;Östliche Zentralalpen;2.585
3135926581;545190;2003;2003-05-15;2003-06-05;2003-06-28;2003-07-15;2003-07-28;2003-08-11;2003-09-02;Vaud;Jura;2.506
3136097885;689246;2003;2003-05-06;2003-06-05;2003-07-08;2003-07-16;2003-08-01;2003-08-19;2003-09-03;Zürich;Mittelland;2.504
3136356979;683222;2003;2003-05-03;2003-06-11;2003-07-07;2003-07-14;2003-07-30;2003-08-19;2003-09-03;Zug;Mittelland;2.502
3136417456;647238;2003;2003-05-01;2003-06-03;2003-07-07;2003-07-16;2003-07-30;2003-08-12;2003-08-26;Aargau;Mittelland;2.504
3136431840;533182;2003;2003-05-01;2003-06-02;2003-06-25;2003-07-09;2003-07-29;2003-08-08;2003-08-23;Vaud;Mittelland;2.501
3136458007;569246;2003;2003-05-07;2003-05-31;2003-06-29;2003-07-11;2003-07-29;2003-08-07;2003-08-26;Jura;Jura;2.505
3136530844;575230;2003;2003-05-16;2003-05-29;2003-07-06;2003-07-25;2003-08-01;2003-08-11;2003-08-24;Bern;Jura;2.504
3136544800;635190;2003;2003-05-16;2003-06-10;2003-07-07;2003-07-18;2003-08-05;2003-08-13;2003-08-25;Luzern;Alpennordflanke;2.502
3136607995;593182;2003;2003-05-07;2003-06-03;2003-06-30;2003-07-12;2003-08-06;2003-08-16;2003-09-05;Bern;Mittelland;2.501
3136635484;617198;2003;2003-05-04;2003-06-04;2003-06-30;2003-07-14;2003-07-29;2003-08-11;2003-08-25;Bern;Mittelland;2.503
3136707838;629246;2003;2003-05-04;2003-06-03;2003-07-07;2003-07-18;2003-08-02;2003-08-13;2003-08-26;Basel-Landschaft;Jura;2.504
3136875545;659206;2003;2003-05-16;2003-06-04;2003-07-06;2003-07-25;2003-08-07;2003-08-09;2003-08-26;Luzern;Alpennordflanke;2.505
3136964658;521174;2003;2003-05-03;2003-06-01;2003-06-28;2003-07-10;2003-08-01;2003-08-13;2003-08-25;Vaud;Jura;2.505
3136980140;509166;2003;2003-05-23;2003-06-08;2003-07-06;2003-07-22;2003-08-08;2003-08-19;2003-09-07;Vaud;Jura;2.503
3137053587;569166;2003;2003-05-04;2003-05-31;2003-06-26;2003-07-12;2003-08-06;2003-08-16;2003-09-04;Fribourg;Alpennordflanke;2.503
3137158483;749246;2003;2003-05-07;2003-06-03;2003-07-07;2003-07-10;2003-07-30;2003-08-11;2003-08-26;Appenzell Innerrhoden;Alpennordflanke;2.531
3137296696;731254;2003;2003-05-05;2003-06-02;2003-06-30;2003-07-11;2003-08-05;2003-08-12;2003-08-28;St. Gallen;Mittelland;2.503
3137315109;563142;2003;2003-05-12;2003-06-12;2003-06-27;2003-07-15;2003-07-29;2003-08-11;2003-09-03;Vaud;Alpennordflanke;2.504
3137388460;695190;2003;2003-05-16;2003-06-07;2003-06-29;2003-07-19;2003-08-01;2003-08-08;2003-09-04;Uri;Alpennordflanke;2.503
3137398965;587238;2003;2003-05-04;2003-05-31;2003-06-30;2003-07-22;2003-08-02;2003-08-09;2003-08-23;Jura;Jura;2.505
3137478664;641134;2003;2003-05-03;2003-06-14;2003-07-12;2003-07-19;2003-08-02;2003-08-11;2003-09-14;Valais;Westliche Zentralalpen;2.494
3137653801;767158;2003;2003-05-18;2003-06-04;2003-07-07;2003-07-25;2003-07-29;2003-08-12;2003-08-26;Graubünden;Östliche Zentralalpen;2.501
3137664029;755238;;;;;;;;;St. Gallen;Alpennordflanke;2.509
3137811780;731174;2003;2003-05-16;2003-06-10;2003-07-06;2003-07-14;2003-07-26;2003-08-13;2003-08-27;Graubünden;Östliche Zentralalpen;2.502
3137819743;653182;2003;2003-05-16;2003-06-03;2003-06-27;2003-07-10;2003-07-29;2003-08-13;2003-08-26;Obwalden;Alpennordflanke;2.504
3137828160;551214;2003;2003-05-23;2003-06-10;2003-06-29;2003-07-16;2003-08-04;2003-08-19;2003-08-27;Neuchâtel;Jura;2.503
3137835597;665150;2003;2003-05-23;2003-06-02;2003-06-29;2003-07-18;2003-08-10;2003-08-13;2003-09-03;Valais;Westliche Zentralalpen;2.503
3138007945;689126;2003;2003-05-14;2003-06-10;2003-07-04;2003-07-22;2003-07-29;2003-08-13;2003-08-26;Ticino;Alpensüdflanke;2.501
3138274252;785150;2003;;2003-06-10;2003-07-02;2003-07-19;2003-08-02;2003-08-12;2003-08-27;Graubünden;Östliche Zentralalpen;2.505
3138278057;749166;2003;2003-05-24;2003-06-03;2003-07-07;2003-07-14;2003-07-25;2003-08-12;2003-08-22;Graubünden;Östliche Zentralalpen;2.503
3138594367;743222;2003;2003-05-18;2003-06-05;2003-06-25;2003-07-09;2003-07-23;2003-08-07;2003-08-20;St. Gallen;Alpennordflanke;2.503
3138600143;701214;2003;2003-05-23;2003-06-10;2003-06-30;2003-07-15;2003-07-29;2003-08-12;2003-08-26;Schwyz;Alpennordflanke;2.503
3138611840;527198;2003;2003-05-24;2003-06-06;2003-06-30;2003-07-19;2003-07-30;2003-08-11;2003-09-04;Neuchâtel;Jura;2.503
3138785838;689166;2003;;2003-06-16;2003-07-06;2003-07-14;2003-07-26;2003-08-19;2003-08-26;Uri;Östliche Zentralalpen;2.506
3138934224;725230;2003;2003-05-23;2003-06-07;2003-07-08;2003-07-14;2003-08-04;2003-08-08;2003-08-20;St. Gallen;Alpennordflanke;2.505
3139213914;803142;2003;;2003-06-12;2003-06-30;2003-07-20;2003-07-29;2003-08-13;2003-08-26;Graubünden;Alpensüdflanke;2.255
3139292475;779206;2003;;2003-06-04;2003-06-30;2003-07-11;2003-07-29;2003-08-11;2003-09-02;Graubünden;Östliche Zentralalpen;2.508
3139295222;563222;2003;2003-05-23;2003-06-10;2003-06-29;2003-07-18;2003-08-04;2003-08-19;2003-08-27;Bern;Jura;2.505
3139382617;809126;2003;2003-05-24;2003-06-16;2003-07-02;2003-07-19;2003-08-06;2003-08-19;2003-09-04;Graubünden;Alpensüdflanke;2.505
3140418233;815190;2003;;2003-06-12;2003-06-30;2003-07-18;2003-07-25;2003-08-10;2003-09-04;Graubünden;Östliche Zentralalpen;2.526
3141540345;773182;2003;;2003-06-10;2003-06-27;2003-07-19;2003-08-03;2003-08-15;2003-09-04;Graubünden;Östliche Zentralalpen;2.504
3142842031;617118;;;;;;;;;Valais;Westliche Zentralalpen;2.128
3148830401;587158;2003;;2003-06-04;2003-06-29;2003-07-10;2003-08-08;2003-08-12;2003-08-24;Bern;Alpennordflanke;2.503
3148912676;677198;2003;2003-05-23;2003-06-12;2003-07-07;2003-07-14;2003-08-03;2003-08-13;2003-08-27;Nidwalden;Alpennordflanke;2.512
3148961793;629166;2003;2003-05-24;2003-06-04;2003-06-30;2003-07-15;2003-08-04;2003-08-19;2003-08-27;Bern;Alpennordflanke;2.502
3148991113;611174;2003;2003-05-15;2003-06-11;2003-06-25;2003-07-23;2003-08-01;2003-08-19;2003-09-04;Bern;Mittelland;2.503
3134026090;575110;;2003-05-06;2003-05-23;2003-06-25;2003-07-10;2003-07-25;2003-08-06;2003-09-16;Valais;Westliche Zentralalpen;2.503
3134447768;527158;2003;2003-05-05;2003-06-07;2003-06-27;2003-07-11;2003-07-26;2003-08-09;2003-08-22;Vaud;Mittelland;2.503
3136173125;551174;2003;2003-05-06;2003-05-30;2003-06-25;2003-07-13;2003-07-25;2003-08-10;2003-09-04;Vaud;Mittelland;2.502
3141187139;605150;2003;;2003-06-16;2003-07-07;2003-07-26;2003-08-05;2003-08-19;2003-09-04;Bern;Alpennordflanke;1.628
3171094181;509158;2004;2004-05-19;2004-06-08;2004-06-30;2004-07-16;2004-07-28;2004-08-08;2004-08-28;Vaud;Jura;2.502
3167632037;521166;2004;2004-05-11;2004-06-07;2004-07-04;2004-07-22;2004-08-02;2004-08-15;2004-08-27;Vaud;Jura;2.502
3137654144;527190;2004;2004-05-15;2004-06-09;2004-06-30;2004-07-16;2004-08-02;2004-08-16;2004-09-01;Neuchâtel;Jura;2.504
3137576916;539158;2004;2004-05-11;2004-06-07;2004-06-29;2004-07-22;2004-07-30;2004-08-18;2004-08-27;Vaud;Mittelland;2.503
3136966835;539198;2004;2004-05-03;2004-06-06;2004-07-03;2004-07-14;2004-08-01;2004-08-22;2004-09-05;Neuchâtel;Jura;2.504
3167813915;545182;2004;2004-05-19;2004-06-08;2004-06-29;2004-07-27;2004-08-07;2004-08-18;2004-09-01;Vaud;Mittelland;2.503
3171005809;551206;2004;2004-05-18;2004-06-07;2004-07-04;2004-07-15;2004-08-07;2004-08-18;2004-08-28;Neuchâtel;Jura;2.501
3168509421;557118;2003;2003-05-16;2003-06-10;2003-07-08;2003-07-14;2003-07-30;2003-08-19;2003-08-25;Valais;Alpennordflanke;2.503
3135749613;557150;2004;2004-05-15;2004-06-05;2004-06-30;2004-07-19;2004-07-29;2004-08-18;2004-09-01;Vaud;Alpennordflanke;2.503
3169461293;563214;2004;2004-05-12;2004-05-29;2004-07-14;2004-07-21;2004-07-30;2004-08-12;2004-09-02;Neuchâtel;Jura;2.501
3137477674;563174;2004;2004-05-10;2004-06-09;2004-06-30;2004-07-24;2004-08-04;2004-08-18;2004-08-27;Fribourg;Mittelland;2.502
3168497172;569118;2004;2004-05-18;2004-06-10;2004-07-15;2004-07-27;2004-08-02;2004-08-16;2004-08-28;Vaud;Alpennordflanke;2.503
3134887276;569198;2004;2004-05-11;2004-06-07;2004-06-30;2004-07-16;2004-07-30;2004-08-13;2004-09-01;Vaud;Mittelland;2.503
3168760761;569238;2004;2004-05-15;2004-06-08;2004-06-30;2004-07-18;2004-07-28;2004-08-15;2004-08-28;Jura;Jura;2.5
3169184252;575142;2004;2004-05-20;2004-06-07;2004-06-26;2004-07-23;2004-08-02;2004-08-23;2004-08-28;Vaud;Alpennordflanke;2.501
3170151295;575222;2004;2004-05-19;2004-06-06;2004-07-15;2004-07-25;2004-08-16;2004-08-29;2004-09-02;Bern;Jura;2.504
3170955047;581086;2004;2004-05-19;2004-06-09;2004-06-30;2004-07-23;2004-08-08;2004-08-15;2004-08-28;Valais;Westliche Zentralalpen;2.501
3171348474;581134;2003;;2003-06-03;2003-06-30;2003-07-10;2003-08-04;2003-08-22;2003-08-27;Vaud;Alpennordflanke;2.505
3169204631;581166;2004;2004-05-17;2004-06-09;2004-06-27;2004-07-25;2004-07-30;2004-08-18;2004-08-23;Fribourg;Alpennordflanke;2.504
3168582915;581246;2004;2004-05-15;2004-05-29;2004-06-30;2004-07-16;2004-07-28;2004-08-15;2004-08-28;Jura;Jura;2.505
3170499622;587110;2004;2004-05-17;2004-06-07;2004-06-29;2004-07-16;2004-08-02;2004-08-18;2004-08-27;Valais;Westliche Zentralalpen;2.501
3167018557;587190;2004;2004-05-10;2004-06-18;2004-07-15;2004-07-21;2004-08-04;2004-08-20;2004-09-03;Fribourg;Mittelland;2.503
3169710507;587230;2004;2004-05-12;2004-06-09;2004-07-15;2004-07-18;2004-07-29;2004-08-12;2004-09-02;Bern;Jura;2.505
3166419802;593214;2004;2004-05-03;2004-05-29;2004-07-09;2004-07-25;2004-07-30;2004-08-11;2004-08-27;Bern;Mittelland;2.503
3167117526;599126;2003;2003-05-07;2003-06-03;2003-06-26;2003-07-11;2003-07-30;2003-08-13;2003-09-18;Valais;Westliche Zentralalpen;2.501
3171607151;599158;2004;;2004-06-26;2004-07-14;2004-07-22;2004-08-08;2004-08-16;2004-08-28;Bern;Alpennordflanke;2.463
3168754421;599238;2004;2004-05-15;2004-06-08;2004-07-04;2004-07-16;2004-07-28;2004-08-15;2004-08-27;Bern;Jura;2.5
3170910986;605102;2004;2004-05-16;2004-06-06;2004-07-02;2004-07-21;2004-07-30;2004-08-23;2004-09-02;Valais;Westliche Zentralalpen;2.411
3180848978;605182;2004;2004-05-12;2004-06-10;2004-06-29;2004-07-26;2004-07-28;2004-08-15;2004-09-01;Bern;Mittelland;2.503
3167285715;605262;2004;2004-05-11;2004-06-08;2004-06-26;2004-07-22;2004-08-01;2004-08-15;2004-08-27;Basel-Landschaft;Mittelland;2.502
3180862890;611126;2005;2005-05-02;2005-06-01;2005-07-02;2005-07-13;2005-08-01;2005-08-12;2005-09-16;Valais;Westliche Zentralalpen;2.505
3168251482;611206;2004;2004-05-04;2004-06-07;2004-06-30;2004-07-15;2004-07-28;2004-08-10;2004-08-22;Bern;Mittelland;2.505
3168501831;611246;2004;2004-05-11;2004-06-07;2004-07-04;2004-07-16;2004-07-28;2004-08-15;2004-09-01;Solothurn;Jura;2.509
3165638704;611254;2003;2003-05-11;2003-06-01;2003-07-06;2003-07-25;2003-08-09;2003-08-16;2003-08-26;Basel-Landschaft;Jura;2.504
3169103810;617150;2004;2004-05-25;2004-06-17;2004-07-15;2004-07-25;2004-08-15;2004-08-23;2004-09-02;Bern;Alpennordflanke;2.502
3167118904;617230;2004;2004-05-10;2004-06-07;2004-07-03;2004-07-16;2004-07-28;2004-08-16;2004-08-25;Bern;Mittelland;2.503
3168759239;617238;2003;2003-05-19;2003-06-08;2003-07-08;2003-07-20;2003-08-03;2003-08-19;2003-08-27;Solothurn;Jura;2.505
3172644452;623094;;;2004-06-14;2004-07-05;2004-07-23;2004-08-12;2004-08-23;2004-09-02;Valais;Westliche Zentralalpen;2.504
3180844572;623174;2004;2004-05-25;2004-06-08;2004-06-29;2004-07-28;2004-07-29;2004-08-16;2004-09-01;Bern;Alpennordflanke;2.507
3167894371;623222;2003;2003-05-03;2003-06-04;2003-06-30;2003-07-14;2003-07-29;2003-08-11;2003-08-25;Bern;Mittelland;2.503
3167280495;623254;2004;2004-05-11;2004-06-08;2004-06-26;2004-07-16;2004-08-01;2004-08-23;2004-08-27;Basel-Landschaft;Jura;2.503
3167202559;623262;2003;2003-05-04;2003-06-01;2003-07-06;2003-07-25;2003-08-09;2003-08-16;2003-08-26;Basel-Landschaft;Jura;2.502
3169613050;629118;2004;2004-05-28;2004-06-15;2004-07-03;2004-07-22;2004-08-03;2004-08-22;2004-09-01;Valais;Westliche Zentralalpen;2.503
3167282222;629198;2004;2004-05-12;2004-06-07;2004-06-29;2004-07-14;2004-07-27;2004-08-15;2004-08-22;Bern;Alpennordflanke;2.502
3168674530;635222;2004;2004-05-04;2004-06-09;2004-07-10;2004-07-17;2004-07-29;2004-08-16;2004-07-28;Luzern;Mittelland;2.5
3166675688;635262;2004;2004-05-17;2004-06-21;2004-07-16;2004-07-21;2004-08-02;2004-08-22;2004-09-04;Aargau;Jura;2.504
3180798759;641166;2004;2004-05-16;2004-06-07;2004-06-30;2004-07-22;2004-07-29;2004-08-22;2004-09-01;Bern;Alpennordflanke;2.506
3166419752;641246;2004;2004-05-14;2004-06-07;2004-07-05;2004-07-17;2004-07-29;2004-08-18;2004-08-29;Solothurn;Mittelland;2.503
3172571334;647110;;;2005-06-11;2005-07-03;2005-07-14;2005-08-05;2005-08-24;2005-09-14;Valais;Alpensüdflanke;2.503
3170136022;647190;2004;2004-05-15;2004-06-08;2004-06-29;2004-07-15;2004-07-28;2004-08-16;2004-09-02;Luzern;Alpennordflanke;2.5
3180794174;653134;2004;;2004-06-24;2004-07-16;2004-07-26;2004-08-02;2004-08-21;2004-09-04;Valais;Westliche Zentralalpen;2.375
3167370612;653214;2004;2004-05-04;2004-06-06;2004-06-30;2004-07-17;2004-07-29;2004-08-12;2004-08-27;Luzern;Mittelland;2.5
3039234662;653254;2004;2004-05-02;2004-06-06;2004-06-30;2004-07-23;2004-07-28;2004-08-12;2004-08-28;Aargau;Jura;2.503
3039062818;659238;2004;2004-05-03;2004-06-07;2004-07-08;2004-07-17;2004-07-29;2004-08-18;2004-08-28;Aargau;Mittelland;2.125
3180773580;665182;2004;;2004-06-08;2004-07-04;2004-07-22;2004-07-31;2004-08-15;2004-09-01;Obwalden;Alpennordflanke;2.475
3167371184;665262;2004;2004-05-11;2004-06-17;2004-07-04;2004-07-16;2004-08-07;2004-08-15;2004-09-05;Aargau;Mittelland;2.501
3165900101;677230;2004;2004-05-03;2004-06-14;2004-07-14;2004-07-19;2004-08-10;2004-08-27;2004-09-07;Zürich;Mittelland;2.554
76831341;683134;;2004-05-16;2004-06-06;2004-07-11;2004-07-25;2004-08-01;2004-08-22;2004-09-16;Ticino;Alpensüdflanke;2.501
3172728657;683174;2004;;2004-06-15;2004-07-16;2004-07-22;2004-08-07;2004-08-12;2004-09-05;Uri;Alpennordflanke;2.251
3166861564;683254;2004;2004-05-11;2004-06-14;2004-07-04;2004-07-17;2004-08-03;2004-08-18;2004-08-28;Zürich;Mittelland;2.504
3166513219;689198;2004;2004-05-17;2004-06-14;2004-07-15;2004-07-22;2004-08-03;2004-08-16;2004-08-27;Uri;Alpennordflanke;1.638
3167371882;689278;2004;2004-05-03;2004-06-07;2004-06-26;2004-07-16;2004-07-28;2004-08-12;2004-08-23;Zürich;Mittelland;2.51
76951421;695142;2004;2004-05-18;2004-06-09;2004-07-14;2004-07-23;2004-07-29;2004-08-22;2004-08-27;Ticino;Alpensüdflanke;2.527
3169446828;695222;2004;2004-05-12;2004-06-10;2004-07-15;2004-07-25;2004-08-03;2004-08-22;2004-08-31;Schwyz;Alpennordflanke;2.501
77011261;701126;2004;;2004-06-08;2004-07-02;2004-07-15;2004-07-27;2004-08-09;2004-08-27;Ticino;Alpensüdflanke;2.451
77011661;701166;2004;2004-05-25;2004-06-10;2004-06-26;2004-07-23;2004-07-29;2004-08-23;2004-09-02;Graubünden;Östliche Zentralalpen;2.378
77071101;707110;2004;2004-05-08;2004-05-25;2004-06-25;2004-07-05;2004-07-26;2004-08-13;2004-09-07;Ticino;Alpensüdflanke;2.126
77071501;707150;2004;;2004-06-07;2004-06-29;2004-07-22;2004-07-28;2004-08-15;2004-08-28;Ticino;Alpensüdflanke;2.503
3180789612;707190;2004;;;2004-07-18;2004-07-19;2004-07-25;2004-08-09;;Uri;Alpennordflanke;2.155
3167536899;707270;2004;2004-05-12;2004-06-09;2004-06-26;2004-07-16;2004-07-28;2004-08-10;2004-08-23;Thurgau;Mittelland;2.504
77131341;713134;;2004-05-10;2004-06-04;2004-07-10;2004-07-18;2004-08-06;2004-08-23;2004-09-04;Ticino;Alpensüdflanke;2.41
3170227212;713214;2004;2004-06-04;2004-06-15;2004-07-16;2004-07-23;2004-08-09;2004-08-27;2004-09-02;Schwyz;Alpennordflanke;2.411
77190781;719078;2004;2004-04-27;2004-05-25;2004-06-26;2004-07-15;2004-07-29;2004-08-13;2004-09-08;Ticino;Alpensüdflanke;2.502
77191181;719118;2004;2004-05-10;2004-06-03;2004-07-02;2004-07-16;2004-07-28;2004-08-13;2004-09-03;Ticino;Alpensüdflanke;2.501
3170992909;719158;2004;;2004-06-07;2004-07-02;2004-07-23;2004-08-03;2004-08-21;2004-08-31;Ticino;Alpensüdflanke;2.51
3169528286;719238;2004;2004-05-17;2004-06-07;2004-07-08;2004-07-16;2004-07-31;2004-08-22;2004-08-28;St. Gallen;Alpennordflanke;2.504
77251021;725102;2004;2004-05-13;2004-06-07;2004-07-09;2004-07-16;2004-07-30;2004-08-16;2004-08-26;Ticino;Alpensüdflanke;2.504
77251421;725142;2004;2004-05-17;2004-06-17;2004-07-02;2004-07-14;2004-07-28;2004-08-22;2004-08-27;Ticino;Alpensüdflanke;2.5
3170736736;725182;2004;2004-05-15;2004-06-06;2004-06-26;2004-07-25;2004-07-31;2004-08-08;2004-08-22;Graubünden;Östliche Zentralalpen;2.503
3169440914;725262;2004;2004-05-17;2004-06-08;2004-06-29;2004-07-22;2004-07-28;2004-08-08;2004-09-02;Thurgau;Mittelland;2.502
77311261;731126;2004;2004-05-13;2004-06-07;2004-07-03;2004-07-22;2004-07-30;2004-08-14;2004-09-02;Graubünden;Alpensüdflanke;2.5
3169549522;731206;2004;2004-05-12;2004-06-09;2004-07-15;2004-07-20;2004-08-03;2004-08-08;2004-09-01;Glarus;Alpennordflanke;2.465
3174886585;737230;2004;;2004-06-07;2004-07-04;2004-07-22;2004-08-02;2004-08-23;2004-09-06;St. Gallen;Alpennordflanke;2.505
3171004669;743174;2004;2004-05-20;2004-06-08;2004-06-27;2004-07-25;2004-07-30;2004-08-09;2004-08-23;Graubünden;Östliche Zentralalpen;2.502
3169187727;743254;2004;2004-05-12;2004-06-07;2004-07-09;2004-07-16;2004-07-28;2004-08-12;2004-08-28;St. Gallen;Mittelland;2.447
3170905955;749198;2004;2004-05-24;2004-06-09;2004-07-04;2004-07-22;2004-08-02;2004-08-23;2004-09-01;St. Gallen;Östliche Zentralalpen;2.5
3174460807;755142;2005;;;2005-07-17;2005-07-27;2005-08-18;2005-08-29;;Graubünden;Östliche Zentralalpen;1.34
3166328090;755222;2004;2004-05-12;2004-06-06;2004-06-30;2004-07-14;2004-07-28;2004-08-16;2004-08-27;St. Gallen;Alpennordflanke;2.5
3175850546;761166;2004;2004-05-14;2004-06-08;2004-07-03;2004-07-22;2004-08-02;2004-08-23;2004-09-02;Graubünden;Östliche Zentralalpen;2.501
3166411668;761246;2004;2004-05-11;2004-06-07;2004-06-29;2004-07-16;2004-07-28;2004-08-12;2004-08-27;St. Gallen;Mittelland;2.504
3168852421;767190;2004;2004-05-12;2004-06-09;2004-07-07;2004-07-16;2004-07-29;2004-08-10;2004-09-01;Graubünden;Östliche Zentralalpen;2.5
3171345018;779158;2004;;2004-06-09;2004-07-18;2004-07-22;2004-08-02;2004-08-23;2004-09-04;Graubünden;Östliche Zentralalpen;2.375
3172472071;785182;2004;;;2004-07-16;2004-07-25;2004-07-29;2004-08-16;2004-09-02;Graubünden;Östliche Zentralalpen;2.5
3174633274;797150;2004;;;2004-07-04;2004-07-26;2004-07-31;2004-08-15;;Graubünden;Östliche Zentralalpen;2.32
3175863628;803134;2004;2004-05-17;2004-06-08;2004-07-03;2004-07-26;2004-08-09;2004-08-16;2004-09-04;Graubünden;Alpensüdflanke;2.501
3175861506;803174;2004;2004-05-18;2004-06-07;2004-07-14;2004-07-21;2004-07-29;2004-08-13;2004-08-29;Graubünden;Östliche Zentralalpen;2.501
3179655944;821166;2004;;2004-06-10;2004-06-30;2004-07-22;2004-07-28;2004-08-16;2004-08-28;Graubünden;Östliche Zentralalpen;2.506
3176893641;827190;2004;2004-05-19;2004-06-10;2004-06-29;2004-07-27;2004-08-02;2004-08-23;2004-09-10;Graubünden;Östliche Zentralalpen;2.504
3197536916;653246;2005;2005-05-03;2005-05-31;2005-07-03;2005-07-17;2005-07-28;2005-08-12;2005-08-29;Aargau;Mittelland;2.509
3197449520;659270;2005;2005-05-13;2005-06-11;2005-07-13;2005-07-20;2005-07-24;2005-08-09;2005-08-30;Aargau;Mittelland;2.001
3198127898;671238;2005;2005-05-09;2005-06-02;2005-07-12;2005-07-17;2005-08-08;2005-08-19;2005-09-01;Aargau;Mittelland;2.499
3204702383;593086;2005;;;2005-07-13;2005-07-28;2005-08-10;2005-08-25;;Valais;Westliche Zentralalpen;1.231
3204785173;605134;2006;;;2006-06-25;2006-07-14;2006-08-10;2006-08-22;;Valais;Westliche Zentralalpen;1.748
3202895049;701158;2006;;2006-06-12;2006-07-04;2006-07-17;2006-08-02;2006-08-21;2006-09-01;Ticino;Alpensüdflanke;2.511
3202963759;713126;2005;2005-05-19;2005-06-08;2005-06-30;2005-07-15;2005-08-04;2005-08-09;2005-08-24;Ticino;Alpensüdflanke;2.363
3205402042;731158;2006;;;2006-07-04;2006-07-17;2006-08-09;2006-08-23;;Graubünden;Östliche Zentralalpen;1.65
3202360407;797142;2005;;2005-06-18;2005-07-03;2005-07-17;2005-08-06;2005-08-14;2005-08-31;Graubünden;Alpensüdflanke;2.502
3202287369;803126;2005;2005-05-20;2005-06-17;2005-07-13;2005-07-20;2005-08-05;2005-08-17;2005-08-30;Graubünden;Alpensüdflanke;2.443
3205307017;815174;2005;;;2005-07-14;2005-07-24;2005-08-05;2005-08-13;;Graubünden;Östliche Zentralalpen;1.648
3197972591;605254;2005;2005-05-19;2005-06-17;2005-07-03;2005-07-23;2005-08-05;2005-08-10;2005-08-31;Basel-Landschaft;Jura;2.54
3198568513;611238;2005;2005-05-11;2005-06-03;2005-07-05;2005-07-18;2005-07-29;2005-08-11;2005-08-27;Solothurn;Jura;2.5
3202712934;497142;2005;2005-05-20;2005-06-16;2005-07-05;2005-07-20;2005-07-27;2005-08-09;2005-08-29;Vaud;Jura;2.571
3200974017;509150;2005;2005-05-02;2005-06-03;2005-07-13;2005-07-21;2005-08-05;2005-08-12;2005-08-31;Vaud;Jura;2.497
3042476823;527182;2005;2005-05-26;2005-06-11;2005-07-03;2005-07-27;2005-08-10;2005-08-17;2005-08-29;Vaud;Jura;2.519
3198667746;533166;2005;2005-05-13;2005-06-20;2005-07-03;2005-07-21;2005-07-28;2005-08-08;2005-08-30;Vaud;Mittelland;2.499
3045587265;539190;2005;2005-05-20;2005-06-17;2005-07-14;2005-07-27;2005-08-09;2005-08-29;2005-08-31;Vaud;Jura;2.496
3200995645;545214;2005;2005-05-20;2005-06-03;2005-07-05;2005-07-23;2005-08-01;2005-08-12;2005-08-31;Neuchâtel;Jura;2.499
3199186228;551158;2005;2005-05-01;2005-06-02;2005-06-30;2005-07-14;2005-08-01;2005-08-11;2005-08-29;Vaud;Mittelland;2.505
3197872640;557182;2005;2005-05-15;2005-06-02;2005-06-27;2005-07-15;2005-07-26;2005-08-24;2005-08-30;Fribourg;Mittelland;2.501
3201074094;557222;2005;2005-05-19;2005-06-03;2005-07-13;2005-08-01;2005-08-10;2005-08-28;2005-09-09;Bern;Jura;2.506
3197960378;563206;2005;2005-05-11;2005-05-28;2005-06-30;2005-07-13;2005-07-31;2005-08-09;2005-08-30;Neuchâtel;Jura;2.5
3029679668;563126;2005;2005-05-09;2005-06-01;2005-07-13;2005-07-26;2005-08-04;2005-08-19;2005-09-01;Vaud;Alpennordflanke;2.375
3199872087;563246;2005;2005-05-02;2005-06-09;2005-06-27;2005-07-15;2005-08-04;2005-08-17;2005-08-30;Jura;Jura;2.5
3199767604;569150;2005;2005-05-20;2005-06-03;2005-06-26;2005-07-14;2005-07-23;2005-08-12;2005-08-29;Fribourg;Alpennordflanke;2.502
3201686883;569230;2005;2005-05-25;2005-06-15;2005-06-28;2005-07-14;2005-08-07;2005-08-11;2005-08-24;Jura;Jura;2.501
3199424376;575174;2005;2005-05-19;2005-06-03;2005-07-13;2005-07-20;2005-07-28;2005-08-12;2005-08-29;Fribourg;Alpennordflanke;2.5
3207577093;575094;2005;2005-05-11;2005-06-02;2005-07-03;2005-07-21;2005-08-09;2005-08-18;2005-09-03;Valais;Westliche Zentralalpen;2.47
3198041656;575214;2005;2005-05-02;2005-06-02;2005-07-12;2005-07-28;2005-08-08;2005-08-27;2005-08-30;Bern;Jura;2.506
3199006802;575254;2005;2005-05-02;2005-05-31;2005-06-27;2005-07-17;2005-08-04;2005-08-17;2005-08-30;Jura;Mittelland;2.505
3197905820;581198;2005;2005-05-13;2005-06-16;2005-06-28;2005-07-14;2005-07-28;2005-08-18;2005-08-24;Fribourg;Mittelland;2.5
3030005006;581118;2005;2005-05-02;2005-06-03;2005-06-30;2005-07-20;2005-08-04;2005-08-18;2005-09-04;Valais;Westliche Zentralalpen;2.514
3200386788;581238;2005;2005-05-17;2005-06-15;2005-07-13;2005-07-17;2005-08-01;2005-08-11;2005-08-31;Jura;Jura;2.496
3199787669;587142;2005;2005-05-19;2005-06-03;2005-06-26;2005-07-20;2005-08-05;2005-08-18;2005-08-30;Bern;Alpennordflanke;2.513
3198392679;587222;2006;2006-05-02;2006-06-08;2006-06-29;2006-07-14;2006-08-09;2006-08-19;2006-09-04;Bern;Mittelland;2.502
3210914031;593166;2005;;2005-06-17;2005-07-03;2005-07-17;2005-07-27;2005-08-18;2005-08-31;Fribourg;Alpennordflanke;2.514
3198669888;593246;2005;2005-05-12;2005-06-01;2005-07-10;2005-07-15;2005-08-05;2005-08-17;2005-08-31;Jura;Jura;2.499
3201510321;599110;2005;2005-05-20;2005-06-18;2005-07-12;2005-07-22;2005-08-05;2005-08-17;2005-09-04;Valais;Westliche Zentralalpen;2.513
3198316146;599190;2005;2005-05-02;2005-06-02;2005-07-12;2005-07-15;2005-07-28;2005-08-12;2005-08-29;Bern;Mittelland;2.502
3200044362;599230;2005;2005-05-11;2005-06-02;2005-07-05;2005-07-14;2005-07-29;2005-08-09;2005-08-30;Solothurn;Jura;2.505
3198056425;605214;2005;2005-05-04;2005-06-05;2005-07-05;2005-07-14;2005-07-29;2005-08-18;2005-08-28;Bern;Mittelland;2.499
3210826002;617182;2005;2005-05-02;2005-06-02;2005-07-12;2005-07-15;2005-07-28;2005-08-12;2005-08-29;Bern;Alpennordflanke;2.497
3199257278;617262;2005;2005-05-19;2005-06-17;2005-07-03;2005-07-20;2005-08-05;2005-08-10;2005-08-30;Basel-Landschaft;Mittelland;2.505
3200723650;623126;2005;2005-05-15;2005-06-01;2005-06-30;2005-07-14;2005-08-06;2005-08-16;2005-09-03;Valais;Westliche Zentralalpen;2.503
3199179250;623206;2005;2005-05-19;2005-06-02;2005-07-09;2005-07-23;2005-08-05;2005-08-17;2005-08-30;Bern;Alpennordflanke;2.5
3199944105;623246;2005;2005-05-02;2005-06-01;2005-07-04;2005-07-18;2005-08-01;2005-08-11;2005-08-28;Basel-Landschaft;Jura;2.506
3198134438;629230;2005;2005-05-19;2005-06-03;2005-07-03;2005-07-17;2005-07-31;2005-08-12;2005-08-29;Bern;Mittelland;2.504
3210836162;635174;2005;2005-05-11;2005-06-10;2005-07-03;2005-07-17;2005-08-01;2005-08-17;2005-08-30;Bern;Alpennordflanke;2.501
3198730791;635254;2005;2005-05-11;2005-06-02;2005-07-13;2005-07-20;2005-07-29;2005-08-11;2005-08-30;Basel-Landschaft;Jura;2.499
3203151848;641118;2005;;2005-06-19;2005-07-12;2005-07-31;2005-08-09;2005-08-26;2005-09-02;Valais;Westliche Zentralalpen;2.504
3199518652;641198;2005;2005-05-01;2005-06-02;2005-07-12;2005-07-23;2005-08-05;2005-08-17;2005-08-30;Luzern;Alpennordflanke;2.504
3198733740;647222;2005;2005-05-01;2005-06-08;2005-07-04;2005-07-19;2005-08-04;2005-08-17;2005-08-30;Luzern;Mittelland;2.501
3197351138;665214;2005;2005-05-02;2005-06-03;2005-07-03;2005-07-15;2005-07-28;2005-08-12;2005-08-30;Luzern;Mittelland;2.499
3210851750;671158;2005;;2005-06-05;2005-07-03;2005-07-23;2005-08-01;2005-08-24;2005-09-03;Valais;Westliche Zentralalpen;2.502
3210855606;677182;2005;2005-05-19;2005-06-21;2005-07-14;2005-07-23;2005-08-08;2005-08-29;2005-09-08;Obwalden;Alpennordflanke;2.501
3198125334;677262;2005;2005-05-02;2005-06-18;2005-07-12;2005-07-22;2005-08-08;2005-08-17;2005-09-05;Zürich;Mittelland;2.5
3199172849;683286;2005;2005-05-02;2005-06-03;2005-07-12;2005-07-27;2005-08-05;2005-08-17;2005-09-05;Schaffhausen;Jura;2.502
3199947449;683206;2005;2005-05-19;2005-06-17;2005-07-13;2005-07-27;2005-08-05;2005-08-29;2005-09-04;Schwyz;Alpennordflanke;2.526
76831261;683126;2005;2005-05-11;2005-06-03;2005-07-06;2005-07-19;2005-08-05;2005-08-12;2005-08-31;Ticino;Alpensüdflanke;2.499
3198999876;689230;2005;2005-05-02;2005-06-03;2005-07-03;2005-07-15;2005-07-28;2005-08-12;2005-08-30;Zürich;Mittelland;2.498
76891501;689150;2005;;2005-06-17;2005-07-02;2005-07-14;2005-07-31;2005-08-09;2005-08-29;Ticino;Alpensüdflanke;2.194
3210918764;695174;2005;;;2005-07-13;2005-07-18;2005-07-27;2005-08-29;;Uri;Alpennordflanke;1.198
3041080344;695254;2005;2005-05-01;2005-06-02;2005-07-03;2005-07-14;2005-07-29;2005-08-17;2005-08-30;Zürich;Mittelland;2.5
3201415708;701198;2005;2005-05-20;2005-06-19;2005-07-14;2005-07-18;2005-08-09;2005-08-18;2005-08-30;Uri;Alpennordflanke;2.501
3197706748;701278;2005;2005-05-02;2005-06-02;2005-06-28;2005-07-13;2005-07-27;2005-08-10;2005-08-30;Zürich;Mittelland;2.499
77011181;701118;2005;2005-05-08;2005-06-07;2005-06-27;2005-07-13;2005-07-23;2005-08-08;2005-08-31;Ticino;Alpensüdflanke;2.535
3200379066;707222;2005;2005-05-11;2005-06-01;2005-06-27;2005-07-13;2005-08-05;2005-08-10;2005-08-29;Schwyz;Alpennordflanke;2.501
77071421;707142;;2005-05-07;2005-06-19;2005-07-02;2005-07-20;2005-08-13;2005-08-28;2005-09-03;Ticino;Alpensüdflanke;2.5
3208184836;719190;2005;;2005-06-21;2005-07-14;2005-07-17;2005-07-27;2005-08-12;2005-08-30;Glarus;Alpennordflanke;2.511
3199347459;719270;2005;2005-05-01;2005-06-03;2005-07-03;2005-07-14;2005-07-27;2005-08-10;2005-08-30;Thurgau;Mittelland;2.5
77191101;719110;2005;2005-05-11;2005-06-09;2005-07-12;2005-07-21;2005-08-09;2005-08-24;2005-09-14;Ticino;Alpensüdflanke;2.499
77191501;719150;2005;;2005-06-09;2005-07-13;2005-07-14;2005-08-09;2005-08-24;2005-09-04;Ticino;Alpensüdflanke;2.499
3202445680;725214;2005;2005-05-20;2005-06-12;2005-07-13;2005-07-23;2005-08-05;2005-08-17;2005-08-25;Glarus;Alpennordflanke;2.489
77251341;725134;2005;;2005-06-16;2005-06-28;2005-07-19;2005-08-04;2005-08-17;2005-08-29;Ticino;Alpensüdflanke;2.662
3207769230;731238;2005;2005-05-12;2005-06-02;2005-07-03;2005-07-14;2005-07-28;2005-08-12;2005-08-31;St. Gallen;Alpennordflanke;2.511
77311181;731118;2005;2005-05-19;2005-06-07;2005-06-28;2005-07-12;2005-08-04;2005-08-12;2005-09-04;Graubünden;Alpensüdflanke;2.505
3198126257;737262;2005;2005-05-02;2005-06-01;2005-07-04;2005-07-14;2005-07-28;2005-08-09;2005-08-29;Thurgau;Mittelland;2.5
77371821;737182;2005;2005-05-20;2005-06-01;2005-06-27;2005-07-13;2005-08-05;2005-08-12;2005-09-03;Graubünden;Östliche Zentralalpen;2.501
77371421;737142;2005;2005-05-19;2005-06-07;2005-06-26;2005-07-14;2005-07-28;2005-08-09;2005-08-30;Graubünden;Alpensüdflanke;2.519
3202274253;743206;2005;2005-05-20;2005-06-20;2005-07-13;2005-07-27;2005-08-10;2005-08-24;2005-08-31;St. Gallen;Alpennordflanke;2.503
3209409720;749230;2005;2005-05-15;2005-06-03;2005-06-29;2005-07-18;2005-07-29;2005-08-11;2005-08-24;St. Gallen;Alpennordflanke;2.5
77491501;749150;2005;;2005-06-17;2005-07-15;2005-07-27;2005-08-10;2005-08-18;2005-08-30;Graubünden;Östliche Zentralalpen;2.495
3211541785;755174;2005;2005-05-15;2005-06-05;2005-06-25;2005-07-20;2005-07-23;2005-08-11;2005-08-24;Graubünden;Östliche Zentralalpen;2.488
3200033588;755254;2005;2005-05-21;2005-06-03;2005-07-13;2005-07-27;2005-08-08;2005-08-18;2005-08-31;Appenzell Ausserrhoden;Mittelland;2.504
3208489295;761198;2005;2005-05-20;2005-06-18;2005-07-13;2005-07-18;2005-08-05;2005-08-17;2005-08-30;Graubünden;Östliche Zentralalpen;2.5
77671421;767142;2005;;2005-06-17;2005-07-13;2005-07-20;2005-07-28;2005-08-09;2005-08-30;Graubünden;Alpensüdflanke;2.463
3208152168;773166;2005;;2005-06-18;2005-06-28;2005-07-14;2005-08-10;2005-08-18;2005-08-29;Graubünden;Östliche Zentralalpen;2.494
3211610792;779190;2005;;;2005-07-13;2005-07-28;2005-08-09;2005-08-17;;Graubünden;Östliche Zentralalpen;1.873
3211627809;791158;2005;;2005-06-18;2005-06-27;2005-07-17;2005-08-05;2005-08-18;2005-08-30;Graubünden;Östliche Zentralalpen;2.52
3211635882;797182;2005;;2005-06-19;2005-07-03;2005-07-20;2005-08-10;2005-08-18;2005-08-30;Graubünden;Östliche Zentralalpen;2.374
3211643065;833166;2005;;;2005-07-14;2005-07-27;2005-08-09;2005-08-24;;Graubünden;Östliche Zentralalpen;2.47
3199183626;551198;2005;2005-05-11;2005-05-28;2005-06-28;2005-07-14;2005-07-31;2005-08-09;2005-08-30;Neuchâtel;Jura;2.498
3199787774;713246;2005;2005-05-02;2005-06-02;2005-07-13;2005-07-18;2005-07-28;2005-08-18;2005-08-30;Zürich;Alpennordflanke;2.496
3198558339;647262;2005;2005-05-11;2005-06-08;2005-06-26;2005-07-13;2005-07-27;2005-08-09;2005-08-29;Aargau;Jura;2.503
3232169214;503158;2006;2006-05-17;2006-06-12;2006-06-29;2006-07-11;2006-07-30;2006-08-18;2006-08-23;Vaud;Jura;2.542
3234509131;515166;2006;2006-06-08;2006-06-12;2006-06-30;2006-07-17;2006-08-08;2006-08-18;2006-08-23;Vaud;Jura;2.502
3229579657;521150;2006;2006-05-03;2006-06-08;2006-07-04;2006-07-24;2006-08-07;2006-08-15;2006-08-25;Vaud;Mittelland;2.552
3232261174;533198;2006;2006-05-17;2006-06-08;2006-07-02;2006-07-24;2006-07-30;2006-08-15;2006-09-01;Neuchâtel;Jura;2.512
3232689443;545166;2006;2006-05-04;2006-06-06;2006-07-02;2006-07-18;2006-08-08;2006-08-18;2006-09-05;Vaud;Mittelland;2.533
3232871377;545206;2006;2006-05-24;2006-06-07;2006-06-29;2006-07-17;2006-08-09;2006-08-23;2006-09-01;Neuchâtel;Jura;2.577
3239532658;551110;2006;2006-06-08;2006-06-22;2006-07-05;2006-07-19;2006-08-15;2006-08-23;2006-09-01;Valais;Alpennordflanke;2.573
3228548056;557134;2006;2006-05-03;2006-06-09;2006-07-03;2006-07-18;2006-08-08;2006-08-16;2006-09-04;Vaud;Alpennordflanke;2.54
3233732437;557214;2006;2006-06-06;2006-06-14;2006-06-28;2006-07-11;2006-08-07;2006-08-15;2006-09-04;Neuchâtel;Jura;2.504
3234267501;563158;2006;2006-05-17;2006-06-07;2006-07-04;2006-07-20;2006-08-09;2006-08-16;2006-09-03;Fribourg;Alpennordflanke;2.493
3237194516;569102;2006;2006-05-03;2006-06-13;2006-06-30;2006-07-11;2006-07-27;2006-08-17;2006-09-06;Valais;Westliche Zentralalpen;2.523
3230448595;569182;2006;2006-05-04;2006-06-06;2006-06-27;2006-07-13;2006-07-29;2006-08-15;2006-08-31;Fribourg;Mittelland;2.291
3231409060;569222;2006;2006-05-24;2006-06-08;2006-06-30;2006-07-11;2006-07-27;2006-08-15;2006-09-07;Bern;Jura;2.551
3239304028;575126;2006;2006-05-19;2006-06-14;2006-07-05;2006-07-19;2006-08-09;2006-08-17;2006-09-01;Vaud;Alpennordflanke;2.527
3230010216;575206;2006;2006-05-12;2006-06-11;2006-07-04;2006-07-25;2006-08-09;2006-08-17;2006-08-26;Bern;Mittelland;2.518
3230721315;575246;2006;2006-05-07;2006-06-08;2006-07-04;2006-07-17;2006-08-07;2006-08-18;2006-09-05;Jura;Jura;2.526
3242307906;581150;2006;2006-06-07;2006-06-13;2006-07-02;2006-07-10;2006-07-30;2006-08-18;2006-09-01;Vaud;Alpennordflanke;2.54
3230192880;581230;2006;2006-05-03;2006-06-10;2006-06-30;2006-07-11;2006-07-27;2006-08-15;2006-08-26;Bern;Jura;2.497
3239180719;587094;2006;;;2006-07-03;2006-07-18;2006-08-08;2006-09-05;;Valais;Westliche Zentralalpen;1.384
3233679151;587174;2006;2006-06-04;2006-06-11;2006-07-04;2006-07-12;2006-07-28;2006-08-17;2006-08-26;Fribourg;Alpennordflanke;2.52
3229533748;593118;2006;2006-05-01;2006-06-03;2006-06-30;2006-07-08;2006-07-21;2006-08-15;2006-09-12;Valais;Westliche Zentralalpen;2.572
3229834159;593198;2006;2006-05-02;2006-06-08;2006-06-28;2006-07-13;2006-08-07;2006-08-15;2006-08-31;Bern;Mittelland;2.515
3232440389;593238;2006;2006-05-27;2006-06-13;2006-07-01;2006-07-10;2006-07-25;2006-08-18;2006-09-05;Bern;Jura;2.504
3233654319;599142;2006;2006-06-09;2006-06-19;2006-07-05;2006-07-22;2006-08-15;2006-08-25;2006-08-31;Bern;Alpennordflanke;2.513
3229490208;599222;2006;2006-05-22;2006-06-16;2006-07-04;2006-07-19;2006-08-09;2006-08-18;2006-09-08;Bern;Mittelland;2.535
3242315460;605166;2006;2006-05-03;2006-06-09;2006-07-03;2006-07-11;2006-08-08;2006-08-23;2006-09-05;Bern;Alpennordflanke;2.508
3230092788;605246;2006;2006-05-03;2006-06-08;2006-06-30;2006-07-17;2006-07-30;2006-08-18;2006-09-01;Jura;Jura;2.576
3239084864;611110;2006;;2006-06-14;2006-07-01;2006-07-15;2006-08-09;2006-08-23;2006-09-04;Valais;Westliche Zentralalpen;2.468
3231053181;611190;2006;2006-05-15;2006-06-08;2006-07-10;2006-07-21;2006-08-07;2006-08-15;2006-09-07;Bern;Mittelland;2.543
3228389428;611270;2006;2006-05-12;2006-06-11;2006-07-05;2006-07-17;2006-07-31;2006-08-18;2006-09-01;Basel-Stadt;Mittelland;2.514
3234678195;617134;2006;;2006-06-12;2006-07-02;2006-07-22;2006-08-08;2006-08-18;2006-09-04;Valais;Westliche Zentralalpen;2.556
3232520100;617214;2006;2006-05-03;2006-06-07;2006-07-04;2006-07-14;2006-07-28;2006-08-15;2006-08-25;Bern;Mittelland;2.529
3231987726;617254;2006;2006-05-02;2006-06-07;2006-07-03;2006-07-14;2006-07-25;2006-08-15;2006-08-31;Solothurn;Jura;2.512
3232695016;623158;2006;2006-05-12;2006-06-15;2006-06-25;2006-07-16;2006-08-08;2006-08-18;2006-09-07;Bern;Alpennordflanke;2.488
3042001713;623238;2006;2006-05-01;2006-06-06;2006-07-01;2006-07-15;2006-07-28;2006-08-16;2006-09-04;Solothurn;Mittelland;2.524
3232007917;629182;2006;2006-05-12;2006-06-09;2006-07-04;2006-07-17;2006-07-30;2006-08-17;2006-08-31;Bern;Alpennordflanke;2.466
3231296110;629262;2006;2006-05-16;2006-06-12;2006-07-10;2006-07-27;2006-08-08;2006-08-17;2006-08-31;Basel-Landschaft;Mittelland;2.523
3230878019;635126;;2006-05-12;2006-06-06;2006-06-30;2006-07-12;2006-08-07;2006-08-20;2006-09-12;Valais;Westliche Zentralalpen;2.495
3242397457;635206;2006;2006-05-11;2006-06-09;2006-07-02;2006-07-16;2006-07-27;2006-08-23;2006-09-05;Luzern;Alpennordflanke;2.587
3230875270;635246;2006;2006-05-05;2006-06-13;2006-07-05;2006-07-20;2006-07-31;2006-08-17;2006-09-02;Solothurn;Jura;2.574
3230615546;641230;2006;2006-05-01;2006-06-06;2006-07-01;2006-07-15;2006-07-29;2006-08-09;2006-08-25;Luzern;Mittelland;2.529
3242569700;647174;2006;2006-05-25;2006-06-15;2006-07-10;2006-07-16;2006-08-02;2006-08-17;2006-09-01;Bern;Alpennordflanke;2.516
3232694997;647254;2006;2006-05-15;2006-06-13;2006-07-08;2006-07-17;2006-07-25;2006-08-18;2006-09-01;Aargau;Jura;2.556
3233815952;653118;2006;2006-05-14;2006-06-11;2006-07-09;2006-07-25;2006-08-10;2006-08-26;2006-09-02;Valais;Alpensüdflanke;2.479
3233216877;653198;2006;2006-06-07;2006-06-13;2006-06-26;2006-07-10;2006-07-25;2006-08-18;2006-08-31;Luzern;Alpennordflanke;2.509
3242484938;659142;2006;2006-06-10;2006-06-24;2006-07-18;2006-07-31;2006-08-21;2006-09-01;2006-09-09;Valais;Westliche Zentralalpen;2.235
3230527757;659222;2006;2006-05-17;2006-06-08;2006-07-04;2006-07-11;2006-08-08;2006-08-18;2006-09-04;Luzern;Mittelland;2.509
3232782333;665166;2006;2006-05-15;2006-06-08;2006-06-25;2006-07-09;2006-07-24;2006-08-15;2006-09-01;Bern;Alpennordflanke;2.536
3230015898;665246;2006;2006-05-04;2006-06-13;2006-07-02;2006-07-17;2006-07-25;2006-08-17;2006-09-01;Aargau;Mittelland;2.46
3242143001;671190;2006;2006-05-15;2006-06-12;2006-07-03;2006-07-10;2006-08-15;2006-08-23;2006-09-05;Obwalden;Alpennordflanke;2.513
3231133472;677214;2006;2006-05-04;2006-06-08;2006-07-05;2006-07-18;2006-07-31;2006-08-15;2006-08-26;Schwyz;Alpennordflanke;2.478
72683158;683158;2006;;;2006-07-04;2006-07-17;2006-07-30;2006-08-25;;Ticino;Alpensüdflanke;2.251
3229581802;683238;2006;2006-05-04;2006-06-11;2006-07-05;2006-07-19;2006-07-30;2006-08-17;2006-09-08;Zürich;Mittelland;2.528
72689142;689142;2006;2006-05-03;2006-06-15;2006-07-11;2006-07-18;2006-08-02;2006-08-22;2006-08-31;Ticino;Alpensüdflanke;2.507
3234333667;689182;2006;2006-06-11;2006-06-18;2006-07-02;2006-07-11;2006-07-26;2006-08-23;2006-09-02;Uri;Alpennordflanke;2.57
3231049523;689262;2006;2006-05-03;2006-06-08;2006-07-03;2006-07-19;2006-07-30;2006-08-19;2006-09-01;Zürich;Mittelland;2.534
72695126;695126;2006;2006-05-17;2006-06-12;2006-07-11;2006-07-26;2006-08-07;2006-08-21;2006-08-27;Ticino;Alpensüdflanke;2.489
3242221670;695206;2006;2006-05-15;2006-06-09;2006-07-04;2006-07-13;2006-07-30;2006-08-15;2006-08-31;Schwyz;Alpennordflanke;2.585
3233505320;695286;2006;2006-05-03;2006-06-08;2006-07-03;2006-07-19;2006-07-30;2006-08-17;2006-09-01;Schaffhausen;Mittelland;2.593
72701150;701150;2006;2006-05-11;2006-06-08;2006-07-03;2006-07-25;2006-08-10;2006-08-22;2006-08-31;Ticino;Alpensüdflanke;2.521
72707094;707094;2006;2006-04-29;2006-05-24;2006-06-15;2006-06-29;2006-07-17;2006-08-04;2006-08-31;Ticino;Alpensüdflanke;2.506
72707134;707134;2006;;2006-06-07;2006-06-30;2006-07-18;2006-07-30;2006-08-10;2006-08-22;Ticino;Alpensüdflanke;2.441
3233205657;707174;2006;2006-05-26;2006-06-09;2006-07-01;2006-07-18;2006-07-31;2006-08-21;2006-09-03;Graubünden;Östliche Zentralalpen;2.515
3232042126;707254;2006;2006-05-04;2006-06-10;2006-07-02;2006-07-19;2006-07-31;2006-08-17;2006-09-01;Zürich;Mittelland;2.491
72713118;713118;;2006-05-14;2006-06-05;2006-07-09;2006-07-23;2006-07-31;2006-08-15;2006-09-06;Ticino;Alpensüdflanke;2.43
72713158;713158;2006;2006-05-17;2006-06-07;2006-07-10;2006-07-18;2006-07-31;2006-08-10;2006-08-23;Ticino;Alpensüdflanke;2.505
3236245997;713198;2006;;;2006-07-06;2006-07-23;2006-07-24;2006-08-25;;Schwyz;Alpennordflanke;1.265
3233512486;713278;2006;2006-05-03;2006-06-08;2006-07-05;2006-07-14;2006-07-27;2006-08-16;2006-08-31;Thurgau;Mittelland;2.504
72719102;719102;2006;2006-05-11;2006-05-30;2006-06-26;2006-07-12;2006-07-25;2006-08-08;2006-09-04;Ticino;Alpensüdflanke;2.487
72719142;719142;2006;2006-05-13;2006-06-10;2006-07-04;2006-07-14;2006-07-29;2006-08-11;2006-09-03;Ticino;Alpensüdflanke;2.572
3242489999;719222;2006;2006-05-04;2006-06-09;2006-07-04;2006-07-17;2006-07-30;2006-08-15;2006-08-31;Glarus;Alpennordflanke;2.499
72725086;725086;2006;2006-05-11;2006-06-09;2006-07-11;2006-07-25;2006-08-04;2006-08-15;2006-09-05;Ticino;Alpensüdflanke;2.522
72725126;725126;2006;;2006-06-15;2006-07-03;2006-07-19;2006-08-04;2006-08-23;2006-08-31;Graubünden;Alpensüdflanke;2.575
3233118723;725166;2006;2006-05-26;2006-06-10;2006-07-01;2006-07-13;2006-08-23;2006-08-31;2006-09-04;Graubünden;Östliche Zentralalpen;2.354
3231732288;725246;2006;2006-05-03;2006-06-10;2006-07-02;2006-07-17;2006-07-30;2006-08-15;2006-08-26;St. Gallen;Alpennordflanke;2.505
3235895550;731190;2006;;2006-06-09;2006-07-10;2006-07-24;2006-07-30;2006-08-22;2006-09-01;Graubünden;Östliche Zentralalpen;2.607
3231256794;731270;2006;2006-05-02;2006-06-09;2006-07-03;2006-07-12;2006-07-25;2006-08-15;2006-08-25;Thurgau;Mittelland;2.512
72737134;737134;2006;2006-05-04;2006-06-01;2006-06-29;2006-07-12;2006-07-24;2006-08-08;2006-09-04;Graubünden;Alpensüdflanke;2.561
3234848665;737214;2006;;2006-06-16;2006-07-03;2006-07-19;2006-08-15;2006-08-18;2006-09-05;St. Gallen;Alpennordflanke;2.552
3232616931;743158;2006;2006-05-12;2006-06-09;2006-07-01;2006-07-16;2006-07-30;2006-08-18;2006-08-26;Graubünden;Östliche Zentralalpen;2.503
3234775409;743238;2007;2007-05-13;2007-06-10;2007-06-30;2007-07-16;2007-08-05;2007-08-24;2007-08-27;Appenzell Innerrhoden;Alpennordflanke;2.531
3244014058;749262;2006;2006-05-12;2006-06-13;2006-07-04;2006-07-13;2006-07-26;2006-08-17;2006-08-26;St. Gallen;Mittelland;2.573
3232443433;755206;2006;2006-05-07;2006-06-09;2006-06-30;2006-07-18;2006-08-09;2006-08-17;2006-09-06;St. Gallen;Östliche Zentralalpen;2.524
3237877088;761150;2006;;;2006-07-03;2006-07-18;2006-07-30;2006-08-21;;Graubünden;Östliche Zentralalpen;2.558
3243842408;767134;2006;2006-05-19;2006-06-10;2006-06-30;2006-07-16;2006-08-09;2006-08-23;2006-09-01;Graubünden;Alpensüdflanke;2.373
3243435273;767174;2006;2006-05-20;2006-06-11;2006-07-02;2006-07-18;2006-07-30;2006-08-18;2006-08-31;Graubünden;Östliche Zentralalpen;2.507
3232513192;773198;2006;2006-05-12;2006-06-11;2006-06-30;2006-07-19;2006-08-15;2006-08-17;2006-08-25;Graubünden;Östliche Zentralalpen;2.534
3243423150;779142;2007;2007-05-19;2007-06-19;2007-07-07;2007-07-17;2007-08-01;2007-08-12;2007-08-26;Graubünden;Östliche Zentralalpen;2.443
3243333161;785166;2006;;;2006-07-01;2006-07-17;2006-07-31;2006-08-19;;Graubünden;Östliche Zentralalpen;1.882
3234683455;791190;2007;;2007-06-16;2007-07-08;2007-07-16;2007-08-01;2007-08-12;2007-09-02;Graubünden;Östliche Zentralalpen;2.525
3243336328;797134;2006;;2006-06-13;2006-07-01;2006-07-19;2006-08-08;2006-08-22;2006-09-01;Graubünden;Alpensüdflanke;2.475
3243343984;809182;2006;2006-05-25;2006-06-08;2006-07-02;2006-07-17;2006-08-10;2006-08-22;2006-09-06;Graubünden;Östliche Zentralalpen;2.533
3229317389;527174;2006;2006-05-14;2006-06-07;2006-06-30;2006-07-19;2006-08-08;2006-08-18;2006-09-04;Vaud;Jura;2.556
3232346994;749182;2006;2006-05-04;2006-06-08;2006-06-30;2006-07-25;2006-08-08;2006-08-17;2006-08-26;Graubünden;Östliche Zentralalpen;2.532
3262692386;755238;2007;2007-05-10;2007-06-13;2007-06-30;2007-07-14;2007-07-27;2007-08-12;2007-08-26;St. Gallen;Alpennordflanke;2.582
3263983990;533190;2007;2007-05-23;2007-06-17;2007-07-07;2007-07-16;2007-08-01;2007-08-13;2007-08-25;Vaud;Jura;2.468
3264156691;545198;2007;2007-05-18;2007-06-13;2007-07-07;2007-07-16;2007-08-05;2007-08-15;2007-09-06;Neuchâtel;Jura;2.503
3261299412;557206;2007;2007-05-12;2007-06-13;2007-07-09;2007-07-27;2007-07-30;2007-08-22;2007-09-02;Neuchâtel;Jura;2.512
3263034580;593230;2007;2007-05-13;2007-06-16;2007-06-30;2007-07-15;2007-07-31;2007-08-13;2007-08-25;Bern;Jura;2.505
3268547339;611142;2007;;;2007-06-30;2007-08-01;2007-08-15;2007-09-02;;Bern;Alpennordflanke;1.754
3264060219;635158;2007;2007-05-18;2007-06-10;2007-07-12;2007-07-16;2007-07-28;2007-08-15;2007-08-27;Bern;Alpennordflanke;2.51
3265436128;677126;2007;2007-05-18;2007-06-11;2007-06-29;2007-07-17;2007-08-05;2007-08-24;2007-08-27;Ticino;Alpensüdflanke;2.502
3265263792;719174;2007;;2007-06-12;2007-07-01;2007-07-16;2007-07-26;2007-08-12;2007-08-25;Graubünden;Östliche Zentralalpen;2.494
3262849185;761182;2007;2007-05-19;2007-06-10;2007-07-01;2007-07-14;2007-07-31;2007-08-13;2007-08-23;Graubünden;Östliche Zentralalpen;2.502
3267106621;773150;2007;;;2007-06-29;2007-07-14;2007-07-30;2007-08-12;;Graubünden;Östliche Zentralalpen;1.619
3265171942;779174;2007;;2007-06-03;2007-06-28;2007-07-16;2007-07-29;2007-08-15;2007-08-25;Graubünden;Östliche Zentralalpen;2.55
72713110;713110;2007;2007-04-27;2007-06-05;2007-07-04;2007-07-11;2007-07-25;2007-08-10;2007-09-06;Ticino;Alpensüdflanke;2.504
72725118;725118;;2007-05-12;2007-06-09;2007-07-06;2007-07-21;2007-08-01;2007-08-11;2007-09-08;Ticino;Alpensüdflanke;2.504
72695118;695118;2007;2007-05-07;2007-06-04;2007-06-26;2007-07-11;2007-07-25;2007-08-13;2007-09-04;Ticino;Alpensüdflanke;2.515
72689134;689134;2007;2007-05-10;2007-06-11;2007-07-05;2007-07-17;2007-07-30;2007-08-17;2007-08-27;Ticino;Alpensüdflanke;2.378
72683150;683150;2007;2007-05-16;2007-06-12;2007-07-07;2007-07-25;2007-08-04;2007-08-24;2007-09-06;Ticino;Alpensüdflanke;2.502
72755158;755158;2007;;2007-06-08;2007-06-30;2007-07-14;2007-07-29;2007-08-12;2007-08-26;Graubünden;Östliche Zentralalpen;2.551
72695158;695158;2007;;2007-06-20;2007-07-12;2007-07-27;2007-08-10;2007-08-25;2007-09-07;Ticino;Alpensüdflanke;2.486
72701142;701142;2007;;;2007-06-23;2007-07-16;2007-07-25;2007-08-12;;Ticino;Alpensüdflanke;1.36
3261462594;629254;2007;2007-04-29;2007-06-05;2007-07-01;2007-07-15;2007-07-30;2007-08-12;2007-08-24;Basel-Landschaft;Jura;2.49
3260253558;695238;2007;2007-04-29;2007-06-07;2007-06-30;2007-07-15;2007-07-31;2007-08-12;2007-08-25;Zürich;Mittelland;2.506
3263370488;719254;2007;2007-04-30;2007-06-05;2007-07-12;2007-07-17;2007-07-26;2007-08-12;2007-08-25;St. Gallen;Mittelland;2.585
3275635485;737166;2007;;2007-06-16;2007-07-07;2007-07-15;2007-07-31;2007-08-15;2007-08-26;Graubünden;Östliche Zentralalpen;2.38
3275644267;749214;2007;2007-04-28;2007-06-03;2007-07-01;2007-07-18;2007-07-26;2007-08-14;2007-08-28;St. Gallen;Alpennordflanke;2.494
3275652667;767206;2007;2007-05-10;2007-06-04;2007-06-29;2007-07-15;2007-07-31;2007-08-13;2007-08-25;Graubünden;Östliche Zentralalpen;2.507
3275823509;785198;2007;;2007-06-07;2007-06-30;2007-07-13;2007-08-06;2007-08-18;2007-08-25;Graubünden;Östliche Zentralalpen;2.501
3275826992;797166;2007;2007-05-20;2007-06-09;2007-06-29;2007-07-16;2007-07-28;2007-08-25;2007-09-03;Graubünden;Östliche Zentralalpen;2.505
3030519133;563110;2007;;2007-06-07;2007-06-30;2007-07-18;2007-08-01;2007-08-14;2007-08-26;Valais;Westliche Zentralalpen;1.388
3266087489;587126;2007;;2007-06-20;2007-07-14;2007-07-28;2007-08-14;2007-08-25;2007-09-08;Valais;Westliche Zentralalpen;2.471
3266683883;641102;2007;;2007-06-13;2007-06-22;2007-06-30;2007-07-16;2007-08-18;2007-09-07;Valais;Westliche Zentralalpen;2.51
3029912219;647126;2007;2007-05-10;2007-06-19;2007-07-07;2007-07-14;2007-07-28;2007-08-18;2007-09-03;Valais;Westliche Zentralalpen;2.476
3259906687;671222;2007;2007-05-10;2007-06-19;2007-07-07;2007-07-19;2007-07-27;2007-08-14;2007-08-31;Aargau;Mittelland;2.505
3260424856;635238;2007;2007-04-26;2007-06-04;2007-06-30;2007-07-14;2007-07-28;2007-08-13;2007-09-02;Aargau;Mittelland;2.505
3261115735;677246;2007;2007-05-02;2007-06-07;2007-07-07;2007-07-17;2007-08-06;2007-08-15;2007-08-27;Zürich;Mittelland;2.5
3261383041;659254;2007;2007-04-28;2007-06-07;2007-07-07;2007-07-25;2007-08-01;2007-08-15;2007-08-31;Aargau;Mittelland;2.498
3262151584;641262;2007;2007-04-27;2007-06-08;2007-07-08;2007-07-20;2007-08-12;2007-08-19;2007-09-04;Aargau;Jura;2.521
3262582757;653230;2007;2007-05-10;2007-06-19;2007-07-07;2007-07-18;2007-07-27;2007-08-14;2007-08-31;Luzern;Mittelland;2.498
3263360806;647206;2007;2007-05-10;2007-06-05;2007-06-30;2007-07-14;2007-07-27;2007-08-12;2007-08-24;Luzern;Alpennordflanke;2.597
3263798659;629214;2007;2007-04-28;2007-05-31;2007-07-07;2007-07-17;2007-07-31;2007-08-14;2007-08-31;Bern;Mittelland;2.5
3263878942;689214;2007;2007-04-30;2007-06-04;2007-07-01;2007-07-15;2007-07-27;2007-08-14;2007-08-24;Schwyz;Alpennordflanke;2.494
3266048870;503150;2007;2007-05-22;2007-06-13;2007-07-07;2007-07-14;2007-07-27;2007-08-14;2007-08-26;Vaud;Jura;2.557
3263961552;515158;2007;2007-05-10;2007-06-06;2007-06-30;2007-07-14;2007-08-04;2007-08-12;2007-08-25;Vaud;Jura;2.504
3263364162;557166;2007;2007-05-10;2007-06-07;2007-07-08;2007-07-27;2007-08-11;2007-08-23;2007-09-01;Fribourg;Mittelland;2.501
3264219328;569134;2007;2007-05-19;2007-06-19;2007-06-28;2007-07-16;2007-08-01;2007-08-15;2007-08-27;Vaud;Alpennordflanke;2.509
3262412332;575158;2007;2007-05-10;2007-06-09;2007-07-07;2007-07-16;2007-08-06;2007-08-15;2007-08-27;Fribourg;Alpennordflanke;2.5
3261548781;581182;2007;2007-05-13;2007-06-04;2007-07-12;2007-07-17;2007-08-04;2007-08-13;2007-09-02;Fribourg;Mittelland;2.558
3260419817;563190;2007;2007-04-29;2007-05-30;2007-06-29;2007-07-16;2007-08-05;2007-08-18;2007-08-27;Vaud;Mittelland;2.506
3262845327;575238;2007;2007-05-18;2007-06-13;2007-07-07;2007-07-16;2007-08-01;2007-08-15;2007-09-02;Jura;Jura;2.498
3263368544;581102;2007;2007-04-30;2007-05-30;2007-06-29;2007-07-17;2007-07-31;2007-08-14;2007-09-02;Valais;Westliche Zentralalpen;2.567
3260615738;587206;2007;2007-04-26;2007-05-31;2007-07-08;2007-07-16;2007-08-05;2007-08-13;2007-08-31;Bern;Mittelland;2.53
3264493012;599174;2007;2007-05-12;2007-06-13;2007-07-07;2007-07-16;2007-07-31;2007-08-13;2007-08-25;Bern;Alpennordflanke;2.549
3264151773;605118;2007;2007-05-09;2007-06-16;2007-06-29;2007-07-13;2007-07-27;2007-08-14;2007-08-27;Valais;Westliche Zentralalpen;2.526
3260876000;605198;2007;2007-05-16;2007-06-14;2007-07-07;2007-07-25;2007-08-01;2007-08-13;2007-08-31;Bern;Mittelland;2.508
3262867666;605238;2007;2007-05-10;2007-06-05;2007-07-07;2007-07-14;2007-08-01;2007-08-14;2007-08-27;Bern;Jura;2.551
3260593292;611222;2007;2007-04-26;2007-06-04;2007-06-30;2007-07-14;2007-07-25;2007-08-13;2007-08-23;Solothurn;Mittelland;2.501
3262940526;617246;2007;2007-05-10;2007-06-10;2007-07-13;2007-07-26;2007-08-04;2007-08-15;2007-09-13;Solothurn;Jura;2.505
3262174111;623190;2007;2007-05-09;2007-06-04;2007-06-30;2007-07-16;2007-07-27;2007-08-13;2007-08-25;Bern;Alpennordflanke;2.473
3261119367;659174;2007;2007-05-19;2007-06-17;2007-07-13;2007-07-17;2007-07-29;2007-08-12;2007-08-25;Bern;Alpennordflanke;2.505
3269167704;725198;2007;;;2007-07-13;2007-07-26;2007-08-01;2007-08-25;;Glarus;Alpennordflanke;2.528
3263797889;731222;2007;2007-05-10;2007-06-04;2007-07-08;2007-07-17;2007-07-27;2007-08-14;2007-09-02;St. Gallen;Alpennordflanke;2.524
3261286172;539174;2007;2007-05-10;2007-06-05;2007-07-08;2007-07-23;2007-08-11;2007-08-24;2007-09-02;Vaud;Mittelland;2.504
3030187345;563230;2007;2007-04-29;2007-06-05;2007-06-30;2007-07-15;2007-07-31;2007-08-13;2007-09-08;Jura;Jura;2.526
3273295317;701182;2007;2007-05-12;2007-06-13;2007-06-29;2007-07-14;2007-07-25;2007-08-18;2007-08-26;Uri;Alpennordflanke;2.505
3273328266;683190;2007;;;2007-07-08;2007-07-17;2007-07-28;2007-08-13;;Uri;Alpennordflanke;1.157
3273331419;707206;2007;;2007-06-08;2007-07-08;2007-07-14;2007-08-06;2007-08-24;2007-09-07;Schwyz;Alpennordflanke;2.187
3273336660;581222;2007;2007-05-10;2007-06-10;2007-07-01;2007-07-13;2007-07-31;2007-08-24;2007-09-08;Bern;Jura;2.62
3273425180;665198;2007;2007-04-29;2007-06-06;2007-06-30;2007-07-14;2007-07-26;2007-08-06;2007-08-26;Nidwalden;Alpennordflanke;2.489
3273566609;641182;2007;2007-05-10;2007-06-10;2007-07-01;2007-07-14;2007-07-29;2007-08-12;2007-08-24;Luzern;Alpennordflanke;2.579
3273580524;593150;2007;;2007-06-19;2007-07-07;2007-07-15;2007-08-01;2007-08-15;2007-08-26;Bern;Alpennordflanke;2.534
3269149843;569214;2007;2007-05-12;2007-06-12;2007-07-13;2007-07-18;2007-08-06;2007-08-24;2007-09-03;Neuchâtel;Jura;2.507
3264270314;713150;2007;2007-05-10;2007-06-10;2007-06-27;2007-07-17;2007-07-27;2007-08-11;2007-08-26;Ticino;Alpensüdflanke;2.497
3264102060;719134;2007;2007-05-16;2007-06-12;2007-06-27;2007-07-12;2007-07-25;2007-08-06;2007-09-01;Ticino;Alpensüdflanke;2.5
3265212483;569254;2007;2007-05-10;2007-06-07;2007-06-30;2007-07-16;2007-08-01;2007-08-13;2007-08-27;Jura;Jura;2.507
3265023121;587246;2007;2007-05-03;2007-06-09;2007-06-30;2007-07-14;2007-07-28;2007-08-14;2007-08-27;Jura;Jura;2.555
3265551866;599254;2007;2007-05-10;2007-06-17;2007-06-30;2007-07-16;2007-08-05;2007-08-15;2007-09-02;Solothurn;Jura;2.505
3265010501;683270;2007;2007-05-10;2007-06-10;2007-07-08;2007-07-17;2007-07-31;2007-08-15;2007-08-28;Schaffhausen;Mittelland;2.506
3266424596;701262;2007;2007-04-27;2007-05-31;2007-07-01;2007-07-14;2007-08-01;2007-08-14;2007-08-24;Zürich;Mittelland;2.496
3265007268;725278;2007;2007-05-02;2007-06-04;2007-07-07;2007-07-16;2007-07-26;2007-08-13;2007-08-24;Thurgau;Mittelland;2.505
3267466979;737246;2007;2007-04-26;2007-06-13;2007-07-12;2007-07-25;2007-07-31;2007-08-19;2007-08-31;Appenzell Ausserrhoden;Alpennordflanke;2.427
3264943965;743270;2007;2007-05-01;2007-06-07;2007-07-08;2007-07-18;2007-08-06;2007-08-14;2007-08-26;Thurgau;Mittelland;2.498
3290849321;497118;2008;2008-05-09;2008-06-12;2008-07-07;2008-07-19;2008-08-02;2008-08-18;2008-08-26;Genève;Mittelland;2.464
3294206216;503142;2008;2008-05-07;2008-06-09;2008-07-05;2008-07-16;2008-07-30;2008-08-09;2008-08-25;Vaud;Jura;2.511
3292649238;527158;2008;2008-05-06;2008-06-13;2008-07-05;2008-07-18;2008-07-31;2008-08-13;2008-08-26;Vaud;Mittelland;2.503
3296879203;527198;2008;2008-05-10;2008-06-20;2008-07-02;2008-07-25;2008-08-07;2008-08-18;2008-08-26;Neuchâtel;Jura;2.503
3293597001;545190;2008;2008-05-07;2008-06-10;2008-06-28;2008-07-15;2008-08-06;2008-08-18;2008-09-02;Vaud;Jura;2.506
3294460879;551174;2008;2008-05-03;2008-06-09;2008-06-29;2008-07-09;2008-07-28;2008-08-09;2008-08-28;Vaud;Mittelland;2.436
3296368713;551214;2008;2008-05-10;2008-06-20;2008-07-02;2008-07-25;2008-07-30;2008-08-18;2008-08-26;Neuchâtel;Jura;2.497
72719126;719126;;2008-05-01;2008-06-03;2008-06-28;2008-07-16;2008-07-28;2008-08-09;2008-09-17;Ticino;Alpensüdflanke;2.502
72713102;713102;2008;2008-05-06;2008-06-03;2008-06-30;2008-07-16;2008-07-31;2008-08-10;2008-08-23;Ticino;Alpensüdflanke;2.502
72707118;707118;2008;2008-05-14;2008-06-03;2008-06-30;2008-07-16;2008-08-05;2008-08-11;2008-09-09;Ticino;Alpensüdflanke;2.387
72701134;701134;2008;2008-05-14;2008-06-10;2008-06-25;2008-07-16;2008-07-29;2008-08-13;2008-08-27;Ticino;Alpensüdflanke;2.506
72689166;689166;2008;;2008-06-18;2008-07-02;2008-07-16;2008-07-24;2008-08-11;2008-08-21;Uri;Östliche Zentralalpen;2.506
72695150;695150;2008;2008-05-15;2008-06-18;2008-07-02;2008-07-18;2008-07-23;2008-08-16;2008-08-20;Ticino;Alpensüdflanke;2.489
72713142;713142;2008;2008-05-22;2008-06-03;2008-07-01;2008-07-23;2008-08-04;2008-08-20;2008-09-01;Ticino;Alpensüdflanke;2.428
72689126;689126;2008;2008-05-23;2008-06-14;2008-07-09;2008-07-23;2008-08-06;2008-08-20;2008-08-27;Ticino;Alpensüdflanke;2.501
72725110;725110;2008;;2008-06-10;2008-07-05;2008-07-15;2008-07-29;2008-08-18;2008-08-24;Ticino;Alpensüdflanke;2.466
3295852539;617238;2008;2008-05-11;2008-06-19;2008-07-01;2008-07-15;2008-07-30;2008-08-18;2008-08-27;Solothurn;Jura;2.509
3294729289;623222;2008;2008-05-02;2008-06-09;2008-06-30;2008-07-15;2008-07-28;2008-08-11;2008-08-26;Bern;Mittelland;2.503
3295244005;641254;2008;2008-05-03;2008-06-18;2008-07-02;2008-07-16;2008-07-31;2008-08-10;2008-08-25;Aargau;Jura;2.504
3293428632;647238;2008;2008-05-02;2008-06-02;2008-06-30;2008-07-16;2008-08-02;2008-08-13;2008-08-25;Aargau;Mittelland;2.504
3292826944;653262;2008;2008-05-06;2008-06-18;2008-07-01;2008-07-16;2008-07-31;2008-08-21;2008-08-29;Aargau;Mittelland;2.504
3292571085;569166;2008;2008-05-03;2008-06-13;2008-07-02;2008-07-18;2008-08-05;2008-08-21;2008-09-02;Fribourg;Alpennordflanke;2.503
3292665822;569246;2008;2008-05-04;2008-06-10;2008-06-30;2008-07-16;2008-07-28;2008-08-16;2008-08-26;Jura;Jura;2.505
3292746135;587238;2008;2008-05-06;2008-06-10;2008-07-02;2008-07-23;2008-08-03;2008-08-14;2008-08-27;Jura;Jura;2.505
3292492797;611254;2008;2008-05-02;2008-06-09;2008-06-30;2008-07-16;2008-07-28;2008-08-13;2008-08-27;Basel-Landschaft;Jura;2.504
3293086554;617198;2008;2008-05-04;2008-06-09;2008-07-01;2008-07-15;2008-07-30;2008-08-10;2008-08-27;Bern;Mittelland;2.494
3294307938;641214;2008;2008-05-02;2008-06-10;2008-07-02;2008-07-16;2008-07-31;2008-08-11;2008-08-26;Luzern;Mittelland;2.548
3302080654;725150;2008;;;2008-07-16;2008-07-24;2008-07-26;2008-08-09;;Graubünden;Östliche Zentralalpen;1.265
3295424588;725230;2008;2008-05-12;2008-06-10;2008-07-05;2008-07-23;2008-07-31;2008-08-18;2008-08-26;St. Gallen;Alpennordflanke;2.516
3295951328;743222;2008;2008-05-12;2008-06-09;2008-07-01;2008-07-16;2008-07-30;2008-08-21;2008-08-27;St. Gallen;Alpennordflanke;2.501
3296104494;749166;2008;2008-05-10;2008-06-19;2008-06-25;2008-07-16;2008-07-25;2008-08-10;2008-09-08;Graubünden;Östliche Zentralalpen;2.503
3294822215;749246;2008;2008-05-04;2008-06-01;2008-06-29;2008-07-15;2008-07-28;2008-08-10;2008-08-24;Appenzell Innerrhoden;Alpennordflanke;2.569
3297231910;779206;2008;;2008-06-22;2008-07-10;2008-07-24;2008-08-06;2008-08-11;2008-08-21;Graubünden;Östliche Zentralalpen;2.508
3295154181;659206;2008;2008-05-13;2008-06-19;2008-07-01;2008-07-15;2008-07-30;2008-08-19;2008-08-29;Luzern;Alpennordflanke;2.505
3293432577;665230;2008;2008-05-02;2008-06-09;2008-07-01;2008-07-15;2008-07-30;2008-08-18;2008-08-29;Luzern;Mittelland;2.504
3297140145;677198;2008;2008-05-14;2008-06-10;2008-07-10;2008-07-16;2008-08-03;2008-08-13;2008-08-27;Nidwalden;Alpennordflanke;2.512
3293689210;683222;2008;2008-05-04;2008-06-09;2008-06-29;2008-07-11;2008-07-25;2008-08-09;2008-08-24;Zug;Mittelland;2.502
3295330697;695190;2008;2008-05-06;2008-06-22;2008-07-04;2008-07-19;2008-07-31;2008-08-18;2008-08-27;Uri;Alpennordflanke;2.502
3297236116;701214;2008;2008-05-11;2008-06-10;2008-07-02;2008-07-16;2008-07-30;2008-08-16;2008-08-22;Schwyz;Alpennordflanke;2.513
3292914417;707238;2008;2008-05-08;2008-06-19;2008-06-30;2008-07-15;2008-07-27;2008-08-12;2008-08-23;Zürich;Mittelland;2.503
3030606279;533182;2008;2008-05-06;2008-06-09;2008-06-30;2008-07-22;2008-08-03;2008-08-14;2008-08-27;Vaud;Mittelland;2.501
3030764495;509166;2008;2008-05-30;2008-06-09;2008-07-02;2008-07-15;2008-07-31;2008-08-21;2008-08-28;Vaud;Jura;2.503
3029786043;545150;2008;2008-05-02;2008-06-12;2008-07-02;2008-07-15;2008-08-04;2008-08-21;2008-09-02;Vaud;Mittelland;2.503
3305604810;563222;2008;2008-05-13;2008-06-19;2008-07-01;2008-07-16;2008-07-31;2008-08-18;2008-08-29;Bern;Jura;2.505
3305783766;575230;2008;2008-05-06;2008-06-18;2008-07-02;2008-07-19;2008-07-29;2008-08-19;2008-08-30;Bern;Jura;2.494
3305696975;599246;2008;2008-05-05;2008-06-10;2008-07-01;2008-07-15;2008-07-31;2008-08-13;2008-08-27;Jura;Jura;2.502
3305702834;611174;2008;2008-05-03;2008-06-09;2008-07-01;2008-07-15;2008-07-31;2008-08-14;2008-08-27;Bern;Mittelland;2.503
3305555489;629166;2008;2008-05-23;2008-06-18;2008-06-28;2008-07-15;2008-07-31;2008-08-10;2008-08-28;Bern;Alpennordflanke;2.502
3305724240;635190;2008;2008-05-04;2008-06-10;2008-07-01;2008-07-15;2008-07-30;2008-08-10;2008-08-26;Luzern;Alpennordflanke;2.502
3305910411;653182;2008;2008-05-05;2008-06-19;2008-07-01;2008-07-15;2008-07-28;2008-08-10;2008-08-21;Obwalden;Alpennordflanke;2.515
3305549606;671174;2008;;;2008-07-10;2008-07-16;2008-07-26;2008-08-19;;Bern;Alpennordflanke;0.908
3295767668;557118;2008;2008-05-14;2008-06-19;2008-06-30;2008-07-15;2008-08-04;2008-08-18;2008-08-26;Valais;Alpennordflanke;2.503
3295851708;563142;2008;2008-05-13;2008-06-20;2008-07-01;2008-07-16;2008-07-28;2008-08-16;2008-08-27;Vaud;Alpennordflanke;2.504
3296112708;581134;2008;;2008-06-19;2008-07-01;2008-07-16;2008-08-03;2008-08-18;2008-08-30;Vaud;Alpennordflanke;2.505
3296893947;683142;2008;2008-05-19;2008-06-12;2008-07-01;2008-07-16;2008-07-31;2008-08-21;2008-08-29;Ticino;Alpensüdflanke;2.376
3296974240;695110;2008;2008-05-31;2008-06-13;2008-06-27;2008-07-15;2008-07-25;2008-08-06;2008-08-20;Ticino;Alpensüdflanke;2.504
3297949705;731134;2008;;2008-06-18;2008-07-02;2008-07-15;2008-07-25;2008-08-10;2008-08-27;Graubünden;Alpensüdflanke;2.504
3307173294;731174;2008;2008-05-16;2008-06-20;2008-07-09;2008-07-16;2008-08-07;2008-08-21;2008-09-07;Graubünden;Östliche Zentralalpen;2.502
3307193997;743190;2008;2008-05-13;2008-06-10;2008-07-02;2008-07-25;2008-07-31;2008-08-18;2008-08-24;Graubünden;Östliche Zentralalpen;2.482
3307209825;755190;2008;2008-05-03;2008-06-02;2008-07-03;2008-07-11;2008-07-28;2008-08-11;2008-08-26;Graubünden;Östliche Zentralalpen;2.585
3306385763;761134;2008;2008-05-27;2008-06-08;2008-06-30;2008-07-16;2008-07-29;2008-08-16;2008-08-24;Graubünden;Alpensüdflanke;2.587
3307255782;767158;2008;2008-05-14;2008-06-19;2008-07-05;2008-07-16;2008-07-28;2008-08-19;2008-08-25;Graubünden;Östliche Zentralalpen;2.501
3307268366;809126;2008;2008-05-23;2008-06-10;2008-07-09;2008-07-24;2008-08-09;2008-08-16;2008-08-30;Graubünden;Alpensüdflanke;2.622
3300172908;575110;2009;2009-04-24;2009-06-04;2009-07-01;2009-07-15;2009-08-01;2009-08-13;2009-09-01;Valais;Westliche Zentralalpen;2.503
3302438791;599126;2008;2008-05-07;2008-06-09;2008-06-27;2008-07-18;2008-08-06;2008-08-16;2008-09-08;Valais;Westliche Zentralalpen;2.501
3299738489;617118;2008;;;2008-06-30;2008-07-11;2008-08-02;2008-08-18;;Valais;Westliche Zentralalpen;2.128
3296620933;665150;2008;2008-06-01;2008-06-22;2008-07-10;2008-07-29;2008-08-07;2008-08-24;2008-09-06;Valais;Westliche Zentralalpen;2.503
3294388959;623262;2008;2008-05-03;2008-06-09;2008-06-30;2008-07-15;2008-07-31;2008-08-13;2008-08-27;Basel-Landschaft;Jura;2.501
3295253117;629246;2008;2008-05-06;2008-06-10;2008-07-01;2008-07-16;2008-07-29;2008-08-14;2008-08-27;Basel-Landschaft;Jura;2.495
3294745130;671254;2008;2008-05-10;2008-06-10;2008-07-05;2008-07-24;2008-08-06;2008-08-18;2008-08-26;Zürich;Mittelland;2.504
3295425492;677278;2008;2008-05-08;2008-06-09;2008-07-05;2008-07-19;2008-08-06;2008-08-18;2008-08-26;Schaffhausen;Mittelland;2.504
3295437512;689246;2008;2008-05-06;2008-06-19;2008-06-30;2008-07-24;2008-07-27;2008-08-14;2008-09-01;Zürich;Mittelland;2.504
3293460275;695270;2008;2008-05-03;2008-06-09;2008-07-01;2008-07-15;2008-07-27;2008-08-11;2008-08-26;Zürich;Mittelland;2.504
3293567046;713262;2008;2008-05-03;2008-06-09;2008-07-02;2008-07-25;2008-07-29;2008-08-11;2008-08-26;Thurgau;Mittelland;2.504
3293387155;731254;2008;2008-05-03;2008-06-01;2008-06-29;2008-07-15;2008-07-28;2008-08-10;2008-08-21;St. Gallen;Mittelland;2.533
3292489715;575190;2008;2008-05-06;2008-06-10;2008-06-27;2008-07-09;2008-07-28;2008-08-21;2008-08-28;Fribourg;Mittelland;2.498
3297056007;587158;2008;;2008-06-19;2008-07-01;2008-07-10;2008-07-31;2008-08-10;2008-08-29;Bern;Alpennordflanke;2.677
3294220953;593182;2008;2008-05-10;2008-06-20;2008-07-02;2008-07-11;2008-07-29;2008-08-21;2008-08-30;Bern;Mittelland;2.501
3292574202;599206;2008;2008-05-02;2008-06-11;2008-07-10;2008-07-15;2008-08-07;2008-08-18;2008-09-03;Bern;Mittelland;2.458
3297918520;605150;2008;;2008-06-19;2008-07-09;2008-07-19;2008-08-03;2008-08-21;2008-08-30;Bern;Alpennordflanke;2.295
3293011550;605230;2008;2008-05-04;2008-06-18;2008-07-10;2008-07-16;2008-08-06;2008-08-16;2008-09-02;Solothurn;Jura;2.504
3300347368;635110;2008;;;2008-07-02;2008-07-16;2008-07-31;2008-08-18;;Valais;Westliche Zentralalpen;0.877
3294062252;641134;2008;2008-04-27;2008-05-23;2008-06-21;2008-07-09;2008-07-23;2008-08-09;2008-09-09;Valais;Westliche Zentralalpen;2.489
3301903372;713182;2008;;;2008-07-05;2008-07-19;2008-07-25;2008-08-18;;Graubünden;Östliche Zentralalpen;1.646
3234682931;773182;2008;;2008-06-21;2008-07-05;2008-07-15;2008-07-31;2008-08-07;2008-08-24;Graubünden;Östliche Zentralalpen;2.504
3297318714;785150;2008;;2008-06-10;2008-06-29;2008-07-16;2008-08-03;2008-08-18;2008-08-26;Graubünden;Östliche Zentralalpen;2.505
3297252954;803142;2008;;2008-06-19;2008-07-04;2008-07-16;2008-08-03;2008-08-18;2008-08-28;Graubünden;Alpensüdflanke;2.207
3297165481;815190;2008;;2008-06-21;2008-06-28;2008-07-15;2008-07-30;2008-08-10;2008-08-27;Graubünden;Östliche Zentralalpen;2.518
3294642833;521174;2008;2008-05-04;2008-06-09;2008-07-01;2008-07-22;2008-08-03;2008-08-14;2008-08-27;Vaud;Jura;2.505
3329023806;509158;2009;2009-05-19;2009-06-17;2009-07-12;2009-07-26;2009-08-10;2009-08-22;2009-08-29;Vaud;Jura;2.541
3325649513;521166;2009;2009-05-02;2009-06-10;2009-07-04;2009-07-25;2009-08-09;2009-08-19;2009-09-05;Vaud;Jura;2.502
3326688341;527190;2009;2009-05-16;2009-06-13;2009-07-11;2009-07-26;2009-08-10;2009-08-20;2009-08-30;Neuchâtel;Jura;2.504
3326254357;539158;2009;2009-05-06;2009-06-18;2009-07-06;2009-07-24;2009-08-05;2009-08-24;2009-09-07;Vaud;Mittelland;2.503
3327469185;539198;2009;2009-05-06;2009-06-04;2009-07-13;2009-07-26;2009-08-06;2009-08-20;2009-08-31;Neuchâtel;Jura;2.504
3323492148;545182;2009;2009-05-03;2009-06-12;2009-07-11;2009-07-24;2009-08-06;2009-08-19;2009-09-01;Vaud;Mittelland;2.503
3328764693;551206;2009;2009-05-24;2009-06-18;2009-07-02;2009-07-16;2009-07-29;2009-08-14;2009-08-27;Neuchâtel;Jura;2.513
3324442748;569198;2009;2009-05-07;2009-06-03;2009-06-29;2009-07-14;2009-07-26;2009-08-11;2009-08-31;Vaud;Mittelland;2.503
72707110;707110;2009;2009-05-04;2009-05-25;2009-06-16;2009-07-01;2009-07-16;2009-08-05;2009-08-31;Ticino;Alpensüdflanke;2.126
72719078;719078;2009;2009-05-01;2009-05-25;2009-06-24;2009-07-09;2009-07-19;2009-08-04;2009-09-01;Ticino;Alpensüdflanke;2.502
72719118;719118;;2009-05-19;2009-06-11;2009-07-05;2009-07-19;2009-07-29;2009-08-19;2009-09-05;Ticino;Alpensüdflanke;2.515
72713134;713134;2009;2009-05-07;2009-06-03;2009-07-03;2009-07-13;2009-08-04;2009-08-20;2009-09-18;Ticino;Alpensüdflanke;2.5
72731126;731126;;2009-05-07;2009-06-13;2009-07-11;2009-07-22;2009-08-09;2009-08-24;2009-09-12;Graubünden;Alpensüdflanke;2.439
72725102;725102;2009;2009-05-20;2009-06-12;2009-06-30;2009-07-16;2009-07-28;2009-08-11;2009-08-27;Ticino;Alpensüdflanke;2.504
72707150;707150;2009;;2009-06-02;2009-06-30;2009-07-13;2009-07-28;2009-08-11;2009-08-29;Ticino;Alpensüdflanke;2.498
72725142;725142;2009;2009-05-28;2009-06-13;2009-07-02;2009-07-16;2009-07-28;2009-08-13;2009-09-07;Ticino;Alpensüdflanke;2.501
72719158;719158;2009;;2009-06-12;2009-07-11;2009-07-20;2009-07-29;2009-08-18;2009-08-28;Ticino;Alpensüdflanke;2.51
3326523369;611246;2009;2009-05-07;2009-06-04;2009-07-02;2009-07-16;2009-07-29;2009-08-13;2009-08-24;Solothurn;Jura;2.497
3325393009;623254;2009;2009-05-13;2009-06-02;2009-07-01;2009-07-16;2009-07-31;2009-08-07;2009-08-23;Basel-Landschaft;Jura;2.488
3323579860;641246;2009;2009-05-01;2009-06-09;2009-07-04;2009-07-14;2009-07-28;2009-08-11;2009-08-25;Solothurn;Mittelland;2.503
3324277194;653254;2009;2009-05-13;2009-06-03;2009-07-02;2009-07-21;2009-07-29;2009-08-06;2009-08-20;Aargau;Jura;2.503
3324969323;683254;2009;2009-05-12;2009-06-03;2009-07-09;2009-07-21;2009-08-05;2009-08-15;2009-08-24;Zürich;Mittelland;2.504
3325834424;581166;2009;2009-05-17;2009-06-12;2009-06-28;2009-07-13;2009-07-24;2009-08-13;2009-08-24;Fribourg;Alpennordflanke;2.504
3324277596;593214;2009;2009-05-08;2009-06-17;2009-07-01;2009-07-20;2009-07-29;2009-08-12;2009-08-24;Bern;Mittelland;2.503
3324466915;611206;2009;2009-05-07;2009-06-04;2009-06-30;2009-07-14;2009-07-28;2009-08-12;2009-08-27;Bern;Mittelland;2.505
3326457654;617150;2009;2009-05-17;2009-06-14;2009-07-11;2009-07-25;2009-08-06;2009-08-16;2009-08-30;Bern;Alpennordflanke;2.502
3324444188;617230;2009;2009-05-01;2009-06-03;2009-07-03;2009-07-20;2009-07-28;2009-08-12;2009-08-27;Bern;Mittelland;2.503
3326350591;629118;2009;2009-05-20;2009-06-13;2009-07-01;2009-07-22;2009-08-04;2009-08-20;2009-09-06;Valais;Westliche Zentralalpen;2.526
3338040952;707190;2009;;;2009-07-04;2009-07-26;2009-08-05;2009-08-12;;Uri;Alpennordflanke;2.034
3333004995;755142;2009;;;2009-07-11;2009-07-13;2009-08-05;2009-08-07;;Graubünden;Östliche Zentralalpen;1.227
3328847436;761166;2009;2009-05-17;2009-06-13;2009-07-02;2009-07-20;2009-07-29;2009-08-12;2009-09-02;Graubünden;Östliche Zentralalpen;2.499
3328942606;779158;2009;;2009-06-20;2009-07-04;2009-07-11;2009-08-01;2009-08-15;2009-08-23;Graubünden;Östliche Zentralalpen;2.375
3329026571;785182;2009;;2009-06-17;2009-07-04;2009-07-21;2009-07-27;2009-08-19;2009-08-24;Graubünden;Östliche Zentralalpen;2.498
3333090379;797150;2009;;;2009-06-30;2009-07-16;2009-08-01;2009-08-15;;Graubünden;Östliche Zentralalpen;2.105
3328872993;803134;2009;2009-05-20;2009-06-13;2009-06-30;2009-07-16;2009-08-06;2009-08-18;2009-08-31;Graubünden;Alpensüdflanke;2.501
3324800029;563214;2009;2009-05-19;2009-06-25;2009-07-13;2009-07-27;2009-08-05;2009-08-18;2009-09-01;Neuchâtel;Jura;2.501
3324365966;587190;2009;2009-05-03;2009-06-03;2009-06-30;2009-07-20;2009-07-28;2009-08-11;2009-08-23;Fribourg;Mittelland;2.503
3324727516;605182;2009;2009-05-01;2009-06-03;2009-06-29;2009-07-13;2009-07-27;2009-08-11;2009-08-23;Bern;Mittelland;2.503
3326694964;629198;2009;2009-05-07;2009-06-04;2009-06-30;2009-07-14;2009-07-28;2009-08-12;2009-08-27;Bern;Alpennordflanke;2.502
3326953120;647190;2009;2009-05-20;2009-06-12;2009-07-09;2009-07-24;2009-07-27;2009-08-18;2009-08-31;Luzern;Alpennordflanke;2.5
3326341208;719238;2009;2009-05-10;2009-06-05;2009-07-01;2009-07-16;2009-07-29;2009-08-12;2009-08-30;St. Gallen;Alpennordflanke;2.524
3327042172;731206;2009;2009-05-17;2009-06-14;2009-06-29;2009-07-20;2009-08-07;2009-08-18;2009-08-20;Glarus;Alpennordflanke;2.497
3329031660;737230;2009;;2009-06-07;2009-07-05;2009-07-16;2009-08-06;2009-08-16;2009-08-20;St. Gallen;Alpennordflanke;2.505
3326428618;743254;2009;2009-05-03;2009-05-30;2009-07-01;2009-07-21;2009-08-01;2009-08-16;2009-08-24;St. Gallen;Mittelland;2.447
3325075704;755222;2009;2009-05-07;2009-06-05;2009-06-25;2009-07-19;2009-07-28;2009-08-11;2009-08-30;St. Gallen;Alpennordflanke;2.5
3325050841;761246;2009;2009-05-08;2009-06-14;2009-07-13;2009-07-20;2009-08-06;2009-08-16;2009-09-08;St. Gallen;Mittelland;2.504
3324537394;605262;2009;2009-05-08;2009-06-13;2009-06-30;2009-07-16;2009-07-28;2009-08-12;2009-08-25;Basel-Landschaft;Mittelland;2.502
3325489238;635262;2009;2009-05-10;2009-06-03;2009-07-01;2009-07-16;2009-07-29;2009-08-07;2009-08-24;Aargau;Jura;2.504
3324969427;659238;2009;2009-05-07;2009-06-04;2009-07-02;2009-07-16;2009-08-01;2009-08-13;2009-08-25;Aargau;Mittelland;2.125
3325656185;665262;2009;2009-05-09;2009-06-02;2009-07-02;2009-07-13;2009-08-05;2009-08-17;2009-08-24;Aargau;Mittelland;2.501
3326435529;635222;2009;2009-05-08;2009-06-03;2009-07-05;2009-07-20;2009-08-01;2009-08-12;2009-08-27;Luzern;Mittelland;2.5
3326347793;653214;2009;2009-05-13;2009-06-03;2009-07-02;2009-07-20;2009-07-27;2009-08-20;2009-09-01;Luzern;Mittelland;2.5
3324965559;689198;2009;2009-05-11;2009-06-13;2009-07-04;2009-07-16;2009-08-05;2009-08-18;2009-08-30;Uri;Alpennordflanke;1.638
3326893617;569118;2009;2009-05-24;2009-06-14;2009-07-11;2009-07-26;2009-08-07;2009-08-23;2009-09-07;Vaud;Alpennordflanke;2.503
3327639318;575142;2009;2009-05-24;2009-06-13;2009-07-03;2009-07-26;2009-07-31;2009-08-18;2009-08-31;Vaud;Alpennordflanke;2.498
3329037417;581086;2009;2009-05-19;2009-06-03;2009-07-11;2009-07-30;2009-08-05;2009-08-18;2009-09-01;Valais;Westliche Zentralalpen;2.501
3327466226;587110;2009;2009-05-17;2009-06-10;2009-07-05;2009-07-16;2009-07-31;2009-08-21;2009-08-31;Valais;Westliche Zentralalpen;2.501
3328591697;605102;2009;2009-05-24;2009-06-13;2009-07-03;2009-07-16;2009-08-04;2009-08-12;2009-09-01;Valais;Westliche Zentralalpen;2.572
3325221606;611126;2009;2009-05-02;2009-06-03;2009-07-03;2009-07-14;2009-07-28;2009-08-11;2009-09-06;Valais;Westliche Zentralalpen;2.505
3330154942;647110;2009;;2009-06-13;2009-06-29;2009-07-15;2009-07-28;2009-08-11;2009-08-23;Valais;Alpensüdflanke;2.534
3329808696;653134;2009;;2009-06-24;2009-07-16;2009-07-27;2009-08-05;2009-08-15;2009-09-01;Valais;Westliche Zentralalpen;2.337
3336732781;743174;2009;2009-05-11;2009-06-14;2009-07-01;2009-07-20;2009-07-26;2009-08-13;2009-08-20;Graubünden;Östliche Zentralalpen;2.502
3337602369;749198;2009;2009-05-23;2009-06-18;2009-07-13;2009-07-20;2009-08-05;2009-08-14;2009-08-31;St. Gallen;Östliche Zentralalpen;2.499
3336813168;767190;2009;2009-05-23;2009-06-14;2009-07-13;2009-07-20;2009-08-05;2009-08-19;2009-08-30;Graubünden;Östliche Zentralalpen;2.5
3335158919;803174;2009;2009-05-10;2009-06-13;2009-07-01;2009-07-16;2009-07-30;2009-08-16;2009-08-30;Graubünden;Östliche Zentralalpen;2.501
3337310892;821166;2009;;2009-06-13;2009-07-09;2009-07-22;2009-07-29;2009-08-15;2009-08-30;Graubünden;Östliche Zentralalpen;2.518
3335349254;827190;2009;2009-05-11;2009-06-05;2009-06-29;2009-07-22;2009-08-07;2009-08-19;2009-08-28;Graubünden;Östliche Zentralalpen;2.504
3337173847;599158;2009;;2009-06-13;2009-07-12;2009-07-21;2009-07-27;2009-08-15;2009-08-27;Bern;Alpennordflanke;2.521
3337615361;623094;2009;;2009-06-03;2009-06-30;2009-07-13;2009-07-29;2009-08-12;2009-08-24;Valais;Westliche Zentralalpen;2.496
3337066500;623174;2009;2009-05-20;2009-06-17;2009-07-03;2009-07-16;2009-07-29;2009-08-13;2009-08-24;Bern;Alpennordflanke;2.52
3335935739;641166;2009;2009-05-20;2009-06-17;2009-07-11;2009-07-26;2009-08-07;2009-08-14;2009-08-27;Bern;Alpennordflanke;2.515
3337073491;665182;2009;;2009-06-03;2009-07-02;2009-07-16;2009-07-27;2009-08-06;2009-08-20;Obwalden;Alpennordflanke;2.475
3337661945;683174;2009;;2009-06-14;2009-07-01;2009-07-14;2009-07-26;2009-08-12;2009-08-24;Uri;Alpennordflanke;2.251
3337407114;695222;2009;2009-05-19;2009-06-03;2009-06-30;2009-07-16;2009-08-01;2009-08-13;2009-08-24;Schwyz;Alpennordflanke;2.501
3337581923;713214;2009;2009-05-11;2009-06-13;2009-07-01;2009-07-16;2009-07-28;2009-08-19;2009-09-07;Schwyz;Alpennordflanke;2.409
3333168343;557150;2009;2009-05-06;2009-06-18;2009-07-06;2009-07-24;2009-08-05;2009-08-24;2009-09-07;Vaud;Alpennordflanke;2.503
3333264257;563174;2009;2009-05-07;2009-06-04;2009-07-01;2009-07-20;2009-07-28;2009-08-11;2009-09-01;Fribourg;Mittelland;2.502
3332391223;683134;2009;2009-05-20;2009-06-11;2009-06-30;2009-07-25;2009-08-06;2009-08-11;2009-08-31;Ticino;Alpensüdflanke;2.501
3332223651;695142;2009;2009-05-24;2009-06-14;2009-07-12;2009-07-16;2009-08-07;2009-08-12;2009-09-07;Ticino;Alpensüdflanke;2.527
3330405357;701126;2009;;2009-06-12;2009-07-03;2009-07-11;2009-07-26;2009-08-12;2009-08-30;Ticino;Alpensüdflanke;2.448
3334389271;701166;2009;2009-05-23;2009-06-12;2009-06-30;2009-07-20;2009-07-29;2009-08-07;2009-08-23;Graubünden;Östliche Zentralalpen;2.398
3331822042;725182;2009;2009-05-21;2009-06-14;2009-07-04;2009-07-16;2009-07-30;2009-08-15;2009-09-06;Graubünden;Östliche Zentralalpen;2.503
3336600446;569238;2009;2009-05-20;2009-06-13;2009-06-30;2009-07-16;2009-08-04;2009-08-12;2009-09-01;Jura;Jura;2.5
3333751275;575222;2009;2009-05-13;2009-06-05;2009-07-01;2009-07-21;2009-07-31;2009-08-14;2009-08-29;Bern;Jura;2.504
3336430724;581246;2009;2009-05-09;2009-06-13;2009-07-04;2009-07-20;2009-07-29;2009-08-12;2009-08-31;Jura;Jura;2.505
3336421391;587230;2009;2009-05-20;2009-06-16;2009-07-05;2009-07-21;2009-07-31;2009-08-15;2009-08-26;Bern;Jura;2.505
3336167066;599238;2009;2009-05-17;2009-06-17;2009-07-03;2009-07-21;2009-08-01;2009-08-14;2009-08-27;Bern;Jura;2.5
3326183867;689278;2009;2009-05-03;2009-06-03;2009-07-06;2009-07-21;2009-08-05;2009-08-15;2009-08-24;Zürich;Mittelland;2.51
3333400403;707270;2009;2009-05-07;2009-06-08;2009-07-02;2009-07-14;2009-08-01;2009-08-15;2009-08-27;Thurgau;Mittelland;2.539
3337047540;725262;2009;2009-05-07;2009-06-07;2009-07-01;2009-07-21;2009-08-01;2009-08-16;2009-08-24;Thurgau;Mittelland;2.502
3324359146;677230;2009;2009-05-07;2009-06-03;2009-07-06;2009-07-27;2009-08-05;2009-08-13;2009-08-27;Zürich;Mittelland;2.554
3360382106;497142;2010;2010-05-23;2010-06-24;2010-07-08;2010-07-19;2010-08-04;2010-08-21;2010-09-06;Vaud;Jura;2.568
3357878295;509150;2010;2010-05-22;2010-06-22;2010-07-02;2010-07-20;2010-08-04;2010-08-22;2010-09-02;Vaud;Jura;2.501
3358318019;527182;2010;2010-05-23;2010-06-27;2010-07-11;2010-07-21;2010-07-31;2010-08-22;2010-09-05;Vaud;Jura;2.452
3355284899;533166;2010;2010-05-12;2010-06-06;2010-06-30;2010-07-16;2010-08-04;2010-08-20;2010-09-02;Vaud;Mittelland;2.501
3358477978;539190;2010;2010-05-22;2010-06-05;2010-07-12;2010-07-20;2010-08-09;2010-08-21;2010-09-02;Vaud;Jura;2.501
3358832763;545214;2010;2010-05-23;2010-06-04;2010-06-25;2010-07-14;2010-08-01;2010-08-21;2010-08-26;Neuchâtel;Jura;2.504
3357444535;551158;2010;2010-05-21;2010-06-10;2010-07-05;2010-07-21;2010-08-05;2010-08-20;2010-08-26;Vaud;Mittelland;2.507
3356846854;551198;2010;2010-05-22;2010-06-09;2010-06-28;2010-07-14;2010-08-04;2010-08-21;2010-08-25;Neuchâtel;Jura;2.501
3354682313;557182;2010;2010-05-18;2010-06-10;2010-06-29;2010-07-12;2010-07-28;2010-08-25;2010-08-29;Fribourg;Mittelland;2.522
3358651321;557222;2010;2010-05-23;2010-06-04;2010-06-25;2010-07-19;2010-08-07;2010-08-22;2010-09-01;Bern;Jura;2.5
72707142;707142;2010;2010-05-18;2010-06-13;2010-07-05;2010-07-16;2010-08-04;2010-08-17;2010-08-25;Ticino;Alpensüdflanke;2.504
72719110;719110;2010;2010-05-18;2010-06-05;2010-07-01;2010-07-20;2010-07-30;2010-08-19;2010-09-04;Ticino;Alpensüdflanke;2.503
72737142;737142;2010;2010-05-19;2010-06-21;2010-06-30;2010-07-12;2010-07-27;2010-08-09;2010-08-26;Graubünden;Alpensüdflanke;2.545
72719150;719150;2010;;2010-06-22;2010-07-07;2010-07-15;2010-08-07;2010-08-19;2010-09-01;Ticino;Alpensüdflanke;2.501
72701158;701158;2010;;2010-06-24;2010-07-03;2010-07-19;2010-07-31;2010-08-10;2010-09-04;Ticino;Alpensüdflanke;2.515
72749150;749150;2010;;;2010-07-07;2010-07-16;2010-07-31;2010-08-22;2010-09-06;Graubünden;Östliche Zentralalpen;2.517
72725134;725134;2010;;2010-06-14;2010-07-02;2010-07-15;2010-07-27;2010-08-09;2010-08-25;Ticino;Alpensüdflanke;2.508
3357019842;647262;2010;2010-05-22;2010-06-10;2010-07-01;2010-07-10;2010-08-01;2010-08-21;2010-09-03;Aargau;Jura;2.508
3355205242;653246;2010;2010-05-11;2010-06-05;2010-07-01;2010-07-14;2010-07-31;2010-08-20;2010-09-01;Aargau;Mittelland;2.514
3356072241;659270;2010;2010-05-22;2010-06-08;2010-06-29;2010-07-11;2010-07-31;2010-08-21;2010-08-26;Aargau;Mittelland;2.002
3356420264;671238;2010;2010-05-18;2010-06-04;2010-07-01;2010-07-16;2010-08-04;2010-08-20;2010-09-02;Aargau;Mittelland;2.511
3357194206;689230;2010;2010-05-09;2010-06-11;2010-07-09;2010-07-22;2010-08-01;2010-08-21;2010-09-04;Zürich;Mittelland;2.501
3355809802;695254;2010;2010-05-22;2010-06-04;2010-06-30;2010-07-19;2010-07-31;2010-08-09;2010-08-25;Zürich;Mittelland;2.504
3355293056;563206;2010;2010-05-22;2010-06-09;2010-06-28;2010-07-12;2010-08-01;2010-08-22;2010-08-26;Neuchâtel;Jura;2.503
3355324939;575214;2010;2010-05-23;2010-06-09;2010-06-30;2010-07-14;2010-08-03;2010-08-10;2010-08-25;Bern;Jura;2.51
3357622297;587222;2010;2010-05-22;2010-06-06;2010-07-01;2010-07-14;2010-08-04;2010-08-21;2010-09-02;Bern;Mittelland;2.505
3356332245;599230;2010;2010-05-23;2010-06-24;2010-07-05;2010-07-21;2010-08-04;2010-08-21;2010-09-01;Solothurn;Jura;2.51
3356355025;611238;2010;2010-05-17;2010-06-04;2010-06-28;2010-07-13;2010-07-27;2010-08-09;2010-08-25;Solothurn;Jura;2.504
3362570056;623206;2010;2010-05-10;2010-06-06;2010-06-29;2010-07-15;2010-07-30;2010-08-10;2010-08-26;Bern;Alpennordflanke;2.503
3363632667;623246;2010;2010-05-23;2010-06-09;2010-07-02;2010-07-16;2010-08-01;2010-08-22;2010-09-02;Basel-Landschaft;Jura;2.51
3362567312;629230;2010;2010-05-09;2010-06-09;2010-07-02;2010-07-16;2010-08-01;2010-08-22;2010-09-02;Bern;Mittelland;2.506
3363450776;635254;2010;2010-05-22;2010-06-05;2010-07-01;2010-07-14;2010-07-31;2010-08-20;2010-09-01;Basel-Landschaft;Jura;2.502
3364198689;695174;2010;;;2010-07-03;2010-07-12;2010-08-06;2010-08-10;;Uri;Alpennordflanke;1.158
3360211086;701198;2010;2010-05-22;2010-06-11;2010-07-08;2010-07-21;2010-08-07;2010-08-21;2010-08-26;Uri;Alpennordflanke;2.502
3360307335;767142;2010;;2010-07-01;2010-07-08;2010-07-19;2010-08-08;2010-08-21;2010-08-26;Graubünden;Alpensüdflanke;2.466
3364365323;833166;2010;;;2010-07-02;2010-07-14;2010-07-31;2010-08-22;;Graubünden;Östliche Zentralalpen;2.473
3358407678;563246;2010;2010-05-25;2010-06-09;2010-07-01;2010-07-19;2010-07-31;2010-08-20;2010-09-02;Jura;Jura;2.504
3358235820;569230;2010;2010-05-24;2010-06-09;2010-07-01;2010-07-14;2010-07-31;2010-08-21;2010-09-02;Jura;Jura;2.504
3356420742;575254;2010;2010-05-23;2010-06-12;2010-07-03;2010-07-14;2010-07-31;2010-08-21;2010-09-01;Jura;Mittelland;2.508
3358494904;581238;2010;2010-05-22;2010-06-23;2010-07-03;2010-07-16;2010-08-01;2010-08-22;2010-09-01;Jura;Jura;2.5
3358924530;587142;2010;2010-05-20;2010-06-11;2010-06-30;2010-07-20;2010-08-09;2010-08-19;2010-08-26;Bern;Alpennordflanke;2.514
3356084087;593246;2010;2010-05-22;2010-06-05;2010-07-02;2010-07-14;2010-07-31;2010-08-21;2010-08-26;Jura;Jura;2.502
3357624071;707222;2010;2010-05-23;2010-06-24;2010-07-08;2010-07-19;2010-07-31;2010-08-22;2010-08-26;Schwyz;Alpennordflanke;2.506
3363094029;719190;2010;;2010-06-26;2010-06-30;2010-07-10;2010-08-07;2010-08-22;2010-08-26;Glarus;Alpennordflanke;2.556
3360565444;725214;2010;2010-05-23;2010-06-05;2010-06-26;2010-07-18;2010-07-31;2010-08-07;2010-08-26;Glarus;Alpennordflanke;2.49
3357717287;743206;2010;2010-05-22;2010-06-26;2010-07-13;2010-07-22;2010-08-09;2010-08-22;2010-09-02;St. Gallen;Alpennordflanke;2.519
3361949319;791158;2010;;2010-06-26;2010-07-05;2010-07-16;2010-07-31;2010-08-19;2010-09-04;Graubünden;Östliche Zentralalpen;2.518
3363273378;797142;2010;;2010-06-24;2010-07-08;2010-07-15;2010-08-08;2010-08-22;2010-08-26;Graubünden;Alpensüdflanke;2.504
3360655984;803126;2010;2010-05-29;2010-06-23;2010-07-04;2010-07-21;2010-08-07;2010-08-21;2010-09-05;Graubünden;Alpensüdflanke;2.46
3356857838;665214;2010;2010-05-22;2010-06-08;2010-07-01;2010-07-16;2010-08-04;2010-08-22;2010-08-25;Luzern;Mittelland;2.503
3357110744;647222;2010;2010-05-23;2010-06-05;2010-06-25;2010-07-09;2010-07-31;2010-08-22;2010-09-01;Luzern;Mittelland;2.502
3357886569;641198;2010;2010-05-23;2010-06-05;2010-06-25;2010-07-09;2010-07-31;2010-08-22;2010-08-26;Luzern;Alpennordflanke;2.509
3358492378;683206;2010;2010-05-25;2010-06-11;2010-06-25;2010-07-11;2010-07-31;2010-08-10;2010-08-24;Schwyz;Alpennordflanke;2.48
3370322974;731238;2010;2010-05-11;2010-06-05;2010-07-02;2010-07-16;2010-08-01;2010-08-21;2010-09-01;St. Gallen;Alpennordflanke;2.513
3370331358;749230;2010;2010-05-24;2010-06-05;2010-07-02;2010-07-14;2010-08-04;2010-08-11;2010-08-21;St. Gallen;Alpennordflanke;2.503
3370342396;761198;2010;2010-05-08;2010-06-04;2010-07-13;2010-07-19;2010-08-10;2010-08-22;2010-09-03;Graubünden;Östliche Zentralalpen;2.503
3370352955;773166;2010;;2010-06-26;2010-07-05;2010-07-16;2010-08-09;2010-08-20;2010-09-06;Graubünden;Östliche Zentralalpen;2.497
3370403249;779190;2010;;;2010-07-07;2010-07-20;2010-08-09;2010-08-20;;Graubünden;Östliche Zentralalpen;1.875
3370359361;797182;2010;;2010-06-11;2010-06-30;2010-07-15;2010-08-01;2010-08-20;2010-08-25;Graubünden;Östliche Zentralalpen;2.376
3370407020;815174;2010;;;2010-07-05;2010-07-22;2010-08-01;2010-08-22;;Graubünden;Östliche Zentralalpen;1.598
3355743614;563126;2010;2010-05-20;2010-06-04;2010-06-30;2010-07-14;2010-08-04;2010-08-21;2010-09-01;Vaud;Alpennordflanke;2.377
3358598001;575094;2010;2010-05-22;2010-06-05;2010-06-28;2010-07-16;2010-08-07;2010-08-19;2010-09-01;Valais;Westliche Zentralalpen;2.471
3356773588;581118;2010;2010-05-20;2010-06-22;2010-06-30;2010-07-20;2010-08-04;2010-08-25;2010-09-02;Valais;Westliche Zentralalpen;2.518
3367670499;593086;2010;;;2010-07-01;2010-07-15;2010-07-31;2010-08-10;;Valais;Westliche Zentralalpen;1.233
3360299557;599110;2010;2010-05-25;2010-06-24;2010-07-07;2010-07-14;2010-08-10;2010-08-22;2010-09-06;Valais;Westliche Zentralalpen;2.517
3367669581;605134;2010;;;2010-07-06;2010-07-16;2010-08-01;2010-08-22;;Valais;Westliche Zentralalpen;1.75
3363938803;623126;2010;2010-05-21;2010-06-24;2010-07-02;2010-07-15;2010-07-31;2010-08-19;2010-08-26;Valais;Westliche Zentralalpen;2.508
3360312346;605254;2010;2010-05-11;2010-06-09;2010-07-05;2010-07-19;2010-07-31;2010-08-21;2010-09-01;Basel-Landschaft;Jura;2.57
3357885392;617262;2010;2010-05-11;2010-06-09;2010-07-05;2010-07-19;2010-07-31;2010-08-21;2010-09-01;Basel-Landschaft;Mittelland;2.523
3360670230;677262;2010;2010-05-11;2010-06-04;2010-06-30;2010-07-21;2010-08-01;2010-08-20;2010-09-01;Zürich;Mittelland;2.504
3360674653;683286;2010;2010-05-12;2010-06-14;2010-07-10;2010-07-19;2010-07-31;2010-08-14;2010-09-02;Schaffhausen;Jura;2.506
3361857968;701278;2010;2010-05-18;2010-06-23;2010-07-10;2010-07-19;2010-07-31;2010-08-14;2010-09-02;Zürich;Mittelland;2.502
3362118842;713246;2010;2010-05-23;2010-06-05;2010-07-02;2010-07-14;2010-08-04;2010-08-10;2010-08-26;Zürich;Alpennordflanke;2.5
3362486504;719270;2010;2010-05-11;2010-06-05;2010-07-02;2010-07-16;2010-08-01;2010-08-21;2010-09-01;Thurgau;Mittelland;2.505
3361861308;737262;2010;2010-05-23;2010-06-08;2010-06-27;2010-07-09;2010-08-01;2010-08-11;2010-08-23;Thurgau;Mittelland;2.525
3362125735;755254;2010;2010-05-23;2010-06-08;2010-06-27;2010-07-09;2010-08-01;2010-08-11;2010-08-23;Appenzell Ausserrhoden;Mittelland;2.51
3366780229;581198;2010;2010-05-11;2010-06-05;2010-06-30;2010-07-16;2010-08-01;2010-08-11;2010-09-01;Fribourg;Mittelland;2.504
3367558502;599190;2010;2010-05-24;2010-06-23;2010-07-03;2010-07-15;2010-08-01;2010-08-11;2010-08-26;Bern;Mittelland;2.505
3366712444;605214;2010;2010-05-09;2010-06-04;2010-06-28;2010-07-13;2010-07-27;2010-08-11;2010-09-01;Bern;Mittelland;2.503
3367253478;617182;2010;2010-05-11;2010-06-08;2010-06-29;2010-07-15;2010-07-28;2010-08-10;2010-08-26;Bern;Alpennordflanke;2.5
3366803782;635174;2010;2010-05-23;2010-06-05;2010-07-02;2010-07-16;2010-07-31;2010-08-21;2010-09-04;Bern;Alpennordflanke;2.505
3367558704;641118;2010;;2010-06-25;2010-07-08;2010-07-16;2010-08-09;2010-08-21;2010-08-26;Valais;Westliche Zentralalpen;2.506
3367300253;671158;2010;;2010-06-25;2010-07-08;2010-07-20;2010-07-31;2010-08-11;2010-08-26;Valais;Westliche Zentralalpen;2.5
3367238466;677182;2010;2010-05-25;2010-06-09;2010-06-25;2010-07-11;2010-07-31;2010-08-21;2010-08-25;Obwalden;Alpennordflanke;2.503
3363617686;569150;2010;2010-05-21;2010-06-05;2010-07-07;2010-07-18;2010-08-09;2010-08-22;2010-09-02;Fribourg;Alpennordflanke;2.505
3367951160;689150;2010;;2010-06-23;2010-07-12;2010-07-26;2010-08-03;2010-08-17;2010-08-25;Ticino;Alpensüdflanke;2.197
3362683757;701118;2010;2010-05-16;2010-06-03;2010-06-30;2010-07-13;2010-07-28;2010-08-10;2010-09-09;Ticino;Alpensüdflanke;2.538
3368008573;713126;2010;2010-05-18;2010-06-18;2010-07-06;2010-07-18;2010-07-31;2010-08-21;2010-08-31;Ticino;Alpensüdflanke;2.366
3368125355;731158;2010;;;2010-07-01;2010-07-16;2010-08-08;2010-08-23;;Graubünden;Östliche Zentralalpen;1.652
3368111114;737182;2010;2010-05-18;2010-06-24;2010-07-13;2010-07-21;2010-08-09;2010-08-22;2010-09-01;Graubünden;Östliche Zentralalpen;2.506
3368022418;755174;2010;2010-05-22;2010-06-10;2010-06-28;2010-07-09;2010-08-01;2010-08-21;2010-09-05;Graubünden;Östliche Zentralalpen;2.491
3386661874;623238;2011;2011-05-07;2011-05-29;2011-06-28;2011-07-09;2011-08-01;2011-08-10;2011-08-20;Solothurn;Mittelland;2.524
3388469319;635246;2011;2011-04-27;2011-06-05;2011-07-01;2011-07-16;2011-08-04;2011-08-14;2011-08-25;Solothurn;Jura;2.591
3389074485;647254;2011;2011-04-26;2011-05-30;2011-06-26;2011-07-11;2011-08-02;2011-08-10;2011-08-22;Aargau;Jura;2.556
3387262708;665246;2011;2011-04-26;2011-05-24;2011-06-21;2011-07-05;2011-08-02;2011-08-13;2011-08-22;Aargau;Mittelland;2.46
3388557653;641230;2011;2011-04-26;2011-05-30;2011-06-27;2011-07-15;2011-08-01;2011-08-12;2011-08-12;Luzern;Mittelland;2.529
3389508013;677214;2011;2011-04-25;2011-05-25;2011-06-20;2011-07-11;2011-07-31;2011-08-11;2011-08-17;Schwyz;Alpennordflanke;2.478
3390542145;653198;2011;2011-05-05;2011-06-02;2011-06-28;2011-07-09;2011-07-25;2011-08-04;2011-08-17;Luzern;Alpennordflanke;2.509
3387519152;659222;2011;2011-04-26;2011-05-24;2011-06-21;2011-07-06;2011-07-27;2011-08-10;2011-08-18;Luzern;Mittelland;2.509
3386223579;683238;2011;2011-04-26;2011-05-24;2011-06-21;2011-07-05;2011-08-02;2011-08-13;2011-08-23;Zürich;Mittelland;2.528
3193730509;683158;2011;;;2011-06-21;2011-07-06;2011-08-06;2011-08-14;;Ticino;Alpensüdflanke;2.281
3193825192;707094;2011;2011-04-19;2011-06-01;2011-06-15;2011-07-03;2011-07-21;2011-07-29;2011-09-06;Ticino;Alpensüdflanke;2.506
3194015932;707174;2011;2011-05-06;2011-05-29;2011-06-20;2011-07-11;2011-07-25;2011-08-13;2011-08-22;Graubünden;Östliche Zentralalpen;2.515
3193914682;719102;2011;2011-05-03;2011-05-25;2011-06-21;2011-07-11;2011-07-25;2011-08-09;2011-08-30;Ticino;Alpensüdflanke;2.525
3394807783;719142;2011;2011-05-05;2011-06-15;2011-06-25;2011-07-15;2011-07-22;2011-08-12;2011-08-30;Ticino;Alpensüdflanke;2.551
3194147522;725086;2011;2011-05-08;2011-05-30;2011-06-25;2011-07-15;2011-07-22;2011-08-09;2011-08-30;Ticino;Alpensüdflanke;2.522
3394819768;725166;2011;2011-05-07;2011-05-25;2011-06-21;2011-07-03;2011-07-16;2011-08-06;2011-08-20;Graubünden;Östliche Zentralalpen;2.314
3194030422;731190;2011;;2011-06-12;2011-06-27;2011-07-11;2011-07-31;2011-08-12;2011-08-21;Graubünden;Östliche Zentralalpen;2.607
3193199153;767134;2011;2011-05-08;2011-06-04;2011-06-25;2011-07-03;2011-07-30;2011-08-04;2011-08-22;Graubünden;Alpensüdflanke;2.373
3193334675;767174;2011;2011-05-06;2011-06-12;2011-06-28;2011-07-06;2011-08-02;2011-08-11;2011-08-21;Graubünden;Östliche Zentralalpen;2.507
3395555254;791190;2011;;2011-06-05;2011-06-28;2011-07-05;2011-08-03;2011-08-17;2011-08-23;Graubünden;Östliche Zentralalpen;2.525
3391682236;557214;2011;2011-05-06;2011-05-30;2011-07-04;2011-07-12;2011-08-02;2011-08-17;2011-08-24;Neuchâtel;Jura;2.504
3388840161;569222;2011;2011-05-06;2011-05-30;2011-06-27;2011-07-09;2011-07-29;2011-08-13;2011-08-17;Bern;Jura;2.551
3388561961;575246;2011;2011-04-25;2011-05-29;2011-07-02;2011-07-09;2011-08-01;2011-08-11;2011-08-23;Jura;Jura;2.526
3390121689;581150;2011;2011-05-07;2011-06-15;2011-06-28;2011-07-05;2011-08-01;2011-08-16;2011-08-20;Vaud;Alpennordflanke;2.544
3388814836;581230;2011;2011-04-26;2011-06-04;2011-07-02;2011-07-11;2011-07-29;2011-08-10;2011-08-24;Bern;Jura;2.502
3390298780;599142;2012;2012-05-11;2012-06-17;2012-07-07;2012-07-25;2012-08-04;2012-08-19;2012-08-29;Bern;Alpennordflanke;2.54
3398831739;557134;2011;2011-05-05;2011-06-11;2011-06-27;2011-07-12;2011-07-30;2011-08-11;2011-08-29;Vaud;Alpennordflanke;2.54
3398858549;569182;2011;2011-05-02;2011-05-26;2011-06-30;2011-07-08;2011-07-29;2011-08-04;2011-08-26;Fribourg;Mittelland;2.291
3398858827;587174;2011;2011-05-08;2011-06-07;2011-06-26;2011-07-11;2011-08-04;2011-08-13;2011-08-19;Fribourg;Alpennordflanke;2.529
3398854335;593118;2011;2011-04-20;2011-05-23;2011-06-14;2011-06-28;2011-07-16;2011-07-25;2011-08-30;Valais;Westliche Zentralalpen;2.572
3398858355;593198;2011;2011-04-26;2011-05-25;2011-06-21;2011-07-04;2011-07-18;2011-08-04;2011-08-19;Bern;Mittelland;2.487
3398858965;599222;2011;2011-04-25;2011-05-29;2011-06-27;2011-07-09;2011-07-31;2011-08-10;2011-08-21;Bern;Mittelland;2.544
3398859146;623158;2012;2012-05-14;2012-06-15;2012-06-27;2012-07-16;2012-07-23;2012-08-07;2012-08-20;Bern;Alpennordflanke;2.5
3397904857;647174;2011;2011-05-07;2011-06-03;2011-06-27;2011-07-05;2011-07-26;2011-08-11;2011-08-22;Bern;Alpennordflanke;2.507
3398858715;665166;2011;2011-05-08;2011-06-05;2011-06-26;2011-07-12;2011-07-31;2011-08-11;2011-08-21;Bern;Alpennordflanke;2.549
73737134;737134;2011;2011-05-03;2011-05-30;2011-06-26;2011-07-10;2011-07-23;2011-08-04;2011-09-01;Graubünden;Alpensüdflanke;2.561
73695126;695126;2011;2011-05-04;2011-05-25;2011-06-20;2011-07-11;2011-07-20;2011-08-04;2011-08-22;Ticino;Alpensüdflanke;2.489
73701150;701150;2012;2012-05-10;2012-06-20;2012-07-10;2012-07-18;2012-08-01;2012-08-11;2012-08-29;Ticino;Alpensüdflanke;2.521
73689142;689142;2011;2011-04-26;2011-05-30;2011-06-28;2011-07-05;2011-07-25;2011-08-09;2011-08-25;Ticino;Alpensüdflanke;2.514
73713158;713158;2011;2011-05-13;2011-06-12;2011-07-09;2011-07-11;2011-07-25;2011-08-17;2011-08-22;Ticino;Alpensüdflanke;2.541
73713118;713118;2011;2011-05-10;2011-05-28;2011-06-19;2011-07-11;2011-07-24;2011-08-04;2011-08-20;Ticino;Alpensüdflanke;2.43
73707134;707134;2011;;2011-06-10;2011-07-03;2011-07-18;2011-07-31;2011-08-16;2011-08-26;Ticino;Alpensüdflanke;2.281
73725126;725126;2011;;2011-06-12;2011-06-27;2011-07-12;2011-07-25;2011-08-02;2011-08-21;Graubünden;Alpensüdflanke;2.575
3398933472;737214;2011;;2011-06-07;2011-07-05;2011-07-26;2011-08-01;2011-08-12;2011-08-23;St. Gallen;Alpennordflanke;2.565
3401892299;749182;2011;2011-04-26;2011-05-29;2011-06-22;2011-07-12;2011-07-26;2011-08-04;2011-08-17;Graubünden;Östliche Zentralalpen;2.532
3401948898;755206;2011;2011-05-05;2011-06-06;2011-06-26;2011-07-05;2011-07-31;2011-08-13;2011-08-20;St. Gallen;Östliche Zentralalpen;2.52
3401962491;773198;2011;2011-05-07;2011-06-07;2011-06-27;2011-07-12;2011-08-01;2011-08-12;2011-08-22;Graubünden;Östliche Zentralalpen;2.532
3401972655;779142;2011;2011-05-10;2011-06-15;2011-06-27;2011-07-11;2011-07-31;2011-08-11;2011-08-27;Graubünden;Östliche Zentralalpen;2.443
3401996691;785166;2011;;;2011-06-27;2011-07-21;2011-08-02;2011-08-12;;Graubünden;Östliche Zentralalpen;1.868
3401986280;797134;2011;;2011-06-15;2011-06-25;2011-07-21;2011-08-02;2011-08-10;2011-08-18;Graubünden;Alpensüdflanke;2.475
357551562;521150;2011;2011-05-08;2011-06-12;2011-06-26;2011-07-11;2011-08-02;2011-08-14;2011-08-28;Vaud;Mittelland;2.552
358329234;527174;2011;2011-05-04;2011-05-29;2011-06-30;2011-07-12;2011-07-29;2011-08-10;2011-08-22;Vaud;Jura;2.556
359027969;575206;2011;2011-04-25;2011-05-24;2011-06-20;2011-07-05;2011-07-25;2011-08-04;2011-08-16;Bern;Mittelland;2.518
360314711;545166;2011;2011-05-02;2011-05-26;2011-06-30;2011-07-08;2011-07-29;2011-08-04;2011-08-31;Vaud;Mittelland;2.533
360656903;503158;2011;2011-05-05;2011-06-10;2011-06-28;2011-07-15;2011-08-01;2011-08-16;2011-08-24;Vaud;Jura;2.544
362216547;545206;2011;2011-05-06;2011-06-20;2011-06-27;2011-07-12;2011-08-02;2011-08-11;2011-08-17;Neuchâtel;Jura;2.577
362305368;533198;2011;2011-05-06;2011-06-16;2011-06-27;2011-07-12;2011-08-02;2011-08-11;2011-08-17;Neuchâtel;Jura;2.512
362820257;515166;2011;2011-05-05;2011-06-04;2011-06-28;2011-07-11;2011-08-01;2011-08-11;2011-08-29;Vaud;Jura;2.502
358604213;617214;2011;2011-04-25;2011-06-12;2011-06-28;2011-07-12;2011-07-27;2011-08-07;2011-08-22;Bern;Mittelland;2.529
359102808;605246;2011;2011-05-01;2011-06-05;2011-06-28;2011-07-12;2011-08-01;2011-08-16;2011-08-23;Jura;Jura;2.576
359135166;593238;2011;2011-05-08;2011-06-07;2011-07-03;2011-07-11;2011-08-02;2011-08-12;2011-08-20;Bern;Jura;2.501
359451268;635206;2011;2011-05-07;2011-05-29;2011-06-26;2011-07-11;2011-08-02;2011-08-12;2011-08-20;Luzern;Alpennordflanke;2.584
359646099;605166;2012;2012-05-11;2012-06-16;2012-06-28;2012-07-17;2012-07-25;2012-08-09;2012-08-20;Bern;Alpennordflanke;2.508
360142893;629182;2011;2011-05-06;2011-06-04;2011-07-03;2011-07-15;2011-08-01;2011-08-12;2011-08-19;Bern;Alpennordflanke;2.429
360670111;671190;2011;2011-04-30;2011-05-29;2011-06-26;2011-07-16;2011-08-01;2011-08-12;2011-08-20;Obwalden;Alpennordflanke;2.495
360776144;695206;2011;2011-05-07;2011-05-29;2011-06-26;2011-07-11;2011-08-01;2011-08-12;2011-08-21;Schwyz;Alpennordflanke;2.585
360937904;809182;2011;2011-05-10;2011-06-14;2011-06-26;2011-07-10;2011-08-02;2011-08-14;2011-08-20;Graubünden;Östliche Zentralalpen;2.533
361009117;743158;2012;2012-05-25;2012-06-03;2012-07-01;2012-07-23;2012-08-01;2012-08-10;2012-08-29;Graubünden;Östliche Zentralalpen;2.503
362223497;617134;2011;;2011-05-29;2011-07-03;2011-07-15;2011-08-02;2011-08-12;2011-08-18;Valais;Westliche Zentralalpen;2.556
365758643;617254;2011;2011-05-09;2011-06-07;2011-06-28;2011-07-14;2011-07-29;2011-08-12;2011-08-17;Solothurn;Jura;2.512
365787973;611190;2011;2011-05-25;2011-05-26;2011-06-25;2011-07-09;2011-07-25;2011-08-04;2011-08-17;Bern;Mittelland;2.543
366367746;761150;2011;;;2011-06-26;2011-07-12;2011-08-02;2011-08-11;;Graubünden;Östliche Zentralalpen;2.558
366821731;713198;2012;;;2012-07-09;2012-07-18;2012-07-31;2011-08-17;;Schwyz;Alpennordflanke;1.265
370464481;569102;2011;2011-04-26;2011-05-30;2011-06-27;2011-07-15;2011-07-31;2011-08-13;2011-09-06;Valais;Westliche Zentralalpen;2.523
370516908;575126;2011;2011-05-05;2011-06-14;2011-06-26;2011-07-15;2011-08-01;2011-08-11;2011-08-22;Vaud;Alpennordflanke;2.527
370519733;689182;2011;2011-05-06;2011-06-07;2011-06-27;2011-07-04;2011-08-02;2011-08-13;2011-08-21;Uri;Alpennordflanke;2.601
370636461;659142;2011;2011-05-07;2011-06-02;2011-06-26;2011-07-02;2011-07-31;2011-08-10;2011-08-16;Valais;Westliche Zentralalpen;2.235
370639655;563158;2011;2011-05-10;2011-06-12;2011-06-21;2011-07-04;2011-07-16;2011-08-13;2011-08-18;Fribourg;Alpennordflanke;2.493
370684019;611110;2011;;2011-06-15;2011-07-02;2011-07-16;2011-08-04;2011-08-17;2011-08-27;Valais;Westliche Zentralalpen;2.468
370685140;653118;2011;2011-05-24;2011-06-14;2011-06-27;2011-07-05;2011-08-01;2011-08-16;2011-08-22;Valais;Alpensüdflanke;2.527
370687027;551110;2011;2011-05-10;2011-06-12;2011-06-26;2011-07-08;2011-08-01;2011-08-11;2011-08-22;Valais;Alpennordflanke;2.573
370770400;587094;2011;;;2011-06-28;2011-07-15;2011-07-31;2011-08-11;;Valais;Westliche Zentralalpen;1.384
356644728;611270;2011;2011-05-02;2011-06-07;2011-06-27;2011-07-12;2011-07-25;2011-08-11;2011-08-22;Basel-Stadt;Mittelland;2.514
358516597;689262;2011;2011-05-07;2011-06-10;2011-07-03;2011-07-16;2011-08-01;2011-08-11;2011-08-22;Zürich;Mittelland;2.469
358598995;695286;2011;2011-05-07;2011-06-06;2011-07-03;2011-07-16;2011-08-01;2011-08-11;2011-08-22;Schaffhausen;Mittelland;2.501
358604913;713278;2011;2011-04-30;2011-05-26;2011-06-28;2011-07-09;2011-08-02;2011-08-13;2011-08-28;Thurgau;Mittelland;2.508
359553419;749262;2011;2011-05-02;2011-05-29;2011-06-26;2011-07-10;2011-07-26;2011-08-12;2011-08-21;St. Gallen;Mittelland;2.573
360148178;731270;2011;2011-05-01;2011-05-29;2011-06-26;2011-07-10;2011-07-26;2011-08-12;2011-08-21;Thurgau;Mittelland;2.512
360152730;725246;2011;2011-04-26;2011-06-07;2011-06-26;2011-07-08;2011-08-01;2011-08-11;2011-08-20;St. Gallen;Alpennordflanke;2.505
360235490;629262;2011;2011-05-08;2011-05-30;2011-06-28;2011-07-15;2011-08-01;2011-08-13;2011-08-13;Basel-Landschaft;Mittelland;2.523
361366881;707254;2011;2011-04-26;2011-06-04;2011-06-26;2011-07-07;2011-08-01;2011-08-04;2011-08-18;Zürich;Mittelland;2.491
361445154;719222;2011;2011-04-30;2011-05-29;2011-06-20;2011-07-09;2011-07-25;2011-08-04;2011-08-16;Glarus;Alpennordflanke;2.562
362047664;743238;2011;2011-05-06;2011-05-30;2011-06-26;2011-07-15;2011-08-01;2011-08-17;2011-08-23;Appenzell Innerrhoden;Alpennordflanke;2.581
393021919;731222;2012;2012-05-10;2012-06-14;2012-07-09;2012-07-24;2012-07-31;2012-08-17;2012-08-29;St. Gallen;Alpennordflanke;2.516
401888704;743190;2012;2012-05-26;2012-06-16;2012-06-30;2012-07-18;2012-08-01;2012-08-12;2012-08-28;Graubünden;Östliche Zentralalpen;2.483
402233809;581222;2012;2012-05-11;2012-06-16;2012-06-30;2012-07-18;2012-07-31;2012-08-11;2012-08-29;Bern;Jura;2.62
391277205;611222;2012;2012-05-11;2012-06-17;2012-07-07;2012-07-26;2012-07-31;2012-08-19;2012-08-28;Solothurn;Mittelland;2.506
390900101;629254;2012;2012-05-08;2012-06-14;2012-07-04;2012-07-17;2012-08-01;2012-08-13;2012-08-29;Basel-Landschaft;Jura;2.494
389344456;635238;2012;2012-05-11;2012-06-09;2012-07-07;2012-07-22;2012-08-02;2012-08-12;2012-08-27;Aargau;Mittelland;2.515
389949044;641262;2012;2012-05-03;2012-06-02;2012-07-09;2012-07-16;2012-07-31;2012-08-13;2012-08-28;Aargau;Jura;2.499
389172715;653230;2012;2012-05-04;2012-06-07;2012-07-07;2012-07-17;2012-08-01;2012-08-12;2012-08-27;Luzern;Mittelland;2.498
389776406;605198;2012;2012-05-04;2012-06-15;2012-06-30;2012-07-17;2012-07-31;2012-08-11;2012-09-07;Bern;Mittelland;2.508
389802770;587206;2012;2012-05-11;2012-06-09;2012-07-04;2012-07-16;2012-07-30;2012-08-10;2012-08-29;Bern;Mittelland;2.531
391329371;569214;2012;2012-05-14;2012-06-02;2012-07-07;2012-07-18;2012-07-27;2012-08-09;2012-08-22;Neuchâtel;Jura;2.507
402421491;563230;2012;2012-05-19;2012-06-02;2012-07-09;2012-07-18;2012-07-27;2012-08-08;2012-08-27;Jura;Jura;2.526
388743845;563190;2012;2012-05-03;2012-06-09;2012-06-27;2012-07-16;2012-07-26;2012-08-08;2012-08-28;Vaud;Mittelland;2.49
389772909;581182;2012;2012-05-03;2012-06-05;2012-06-30;2012-07-24;2012-07-31;2012-08-11;2012-08-23;Fribourg;Mittelland;2.558
392535369;557206;2012;2012-05-04;2012-06-15;2012-06-30;2012-07-24;2012-07-31;2012-08-10;2012-08-27;Neuchâtel;Jura;2.512
394096104;545198;2012;2012-05-10;2012-06-17;2012-06-29;2012-07-18;2012-08-01;2012-08-14;2012-08-21;Neuchâtel;Jura;2.51
403977258;797166;2012;2012-05-15;2012-06-02;2012-07-08;2012-07-16;2012-08-03;2012-08-17;2012-08-29;Graubünden;Östliche Zentralalpen;2.505
403967382;779174;2012;;2012-06-03;2012-07-09;2012-07-17;2012-08-01;2012-08-19;2012-08-27;Graubünden;Östliche Zentralalpen;2.55
376441887;773150;2012;;;2012-07-07;2012-07-18;2012-08-02;2012-08-18;;Graubünden;Östliche Zentralalpen;1.75
402412057;641102;2012;;2012-06-16;2012-07-09;2012-07-17;2012-08-08;2012-08-22;2012-09-06;Valais;Westliche Zentralalpen;2.51
391357009;593230;2012;2012-05-25;2012-06-22;2012-07-10;2012-07-16;2012-08-10;2012-08-20;2012-08-29;Bern;Jura;2.505
3360563419;593166;2012;;2012-06-18;2012-07-17;2012-07-24;2012-08-09;2012-08-17;2012-09-07;Fribourg;Alpennordflanke;2.516
390556172;725118;2012;2012-05-10;2012-06-17;2012-07-04;2012-07-19;2012-08-08;2012-08-13;2012-09-11;Ticino;Alpensüdflanke;2.5
402148099;713150;2012;2012-05-10;2012-06-19;2012-06-30;2012-07-23;2012-07-30;2012-08-17;2012-09-06;Ticino;Alpensüdflanke;2.497
390896904;569134;2012;2012-05-14;2012-06-15;2012-07-04;2012-07-17;2012-07-31;2012-08-12;2012-08-27;Vaud;Alpennordflanke;2.509
394958757;587126;2012;;2012-06-16;2012-07-07;2012-07-18;2012-08-08;2012-08-15;2012-08-28;Valais;Westliche Zentralalpen;2.473
402421829;569254;2012;2012-05-11;2012-06-02;2012-07-07;2012-07-17;2012-07-31;2012-08-11;2012-09-07;Jura;Jura;2.507
390482832;587246;2012;2012-05-14;2012-06-20;2012-07-07;2012-07-17;2012-07-31;2012-08-15;2012-08-28;Jura;Jura;2.555
392415930;575238;2012;2012-05-20;2012-06-16;2012-07-10;2012-07-18;2012-08-01;2012-08-15;2012-09-07;Jura;Jura;2.498
390904784;701262;2012;2012-05-10;2012-06-15;2012-07-12;2012-07-18;2012-08-01;2012-08-09;2012-08-28;Zürich;Mittelland;2.496
389515217;725278;2012;2012-05-10;2012-06-15;2012-07-11;2012-07-18;2012-08-01;2012-08-09;2012-08-28;Thurgau;Mittelland;2.525
391081722;659254;2012;2012-05-03;2012-06-07;2012-06-29;2012-07-18;2012-07-31;2012-08-12;2012-08-29;Aargau;Mittelland;2.498
389779093;677246;2012;2012-05-04;2012-06-02;2012-06-28;2012-07-17;2012-08-02;2012-08-10;2012-08-27;Zürich;Mittelland;2.5
391180664;683270;2012;2012-05-11;2012-06-15;2012-07-07;2012-07-18;2012-08-03;2012-08-13;2012-08-28;Schaffhausen;Mittelland;2.506
403858355;749214;2012;2012-05-10;2012-06-14;2012-07-09;2012-07-24;2012-08-02;2012-08-15;2012-09-09;St. Gallen;Alpennordflanke;2.494
393147474;701182;2012;2012-05-24;2012-06-17;2012-06-29;2012-07-18;2012-07-31;2012-08-17;2012-09-07;Uri;Alpennordflanke;2.505
402086739;719174;2012;;2012-06-18;2012-06-30;2012-07-19;2012-08-01;2012-08-18;2012-08-28;Graubünden;Östliche Zentralalpen;2.481
391591591;617246;2012;2012-05-14;2012-06-19;2012-07-10;2012-07-25;2012-08-10;2012-08-21;2012-08-28;Solothurn;Jura;2.538
392331567;599254;2012;2012-05-10;2012-05-28;2012-07-04;2012-07-18;2012-07-27;2012-08-14;2012-08-27;Solothurn;Jura;2.505
391776591;605238;2012;2012-05-11;2012-05-28;2012-07-07;2012-07-18;2012-07-27;2012-08-14;2012-08-29;Bern;Jura;2.551
391015040;581102;2012;2012-05-24;2012-06-09;2012-07-04;2012-07-17;2012-08-01;2012-08-15;2012-09-02;Valais;Westliche Zentralalpen;2.567
393314594;605118;2012;2012-05-25;2012-06-15;2012-07-09;2012-07-23;2012-08-07;2012-08-14;2012-09-05;Valais;Westliche Zentralalpen;2.526
402421708;659174;2012;2012-05-03;2012-06-02;2012-06-28;2012-07-18;2012-07-24;2012-08-08;2012-08-27;Bern;Alpennordflanke;2.505
394274496;707206;2012;;2012-06-02;2012-06-29;2012-07-24;2012-07-27;2012-08-08;2012-08-28;Schwyz;Alpennordflanke;2.187
394207705;755158;2012;;2012-06-16;2012-06-30;2012-07-26;2012-08-09;2012-08-11;2012-08-27;Graubünden;Östliche Zentralalpen;2.551
395397171;695158;2012;;2012-06-15;2012-07-12;2012-07-19;2012-08-08;2012-08-23;2012-08-28;Ticino;Alpensüdflanke;2.486
396953692;701142;2012;;;2012-07-09;2012-07-26;2012-08-07;2012-08-17;;Ticino;Alpensüdflanke;1.36
389949232;713110;2012;2012-05-03;2012-06-05;2012-06-27;2012-07-16;2012-07-27;2012-08-11;2012-09-10;Ticino;Alpensüdflanke;2.527
72731118;731118;2012;2012-05-10;2012-06-16;2012-07-12;2012-07-24;2012-08-08;2012-08-19;2012-09-07;Graubünden;Alpensüdflanke;2.509
393845312;503150;2012;2012-05-10;2012-06-14;2012-07-10;2012-07-24;2012-08-08;2012-08-21;2012-08-29;Vaud;Jura;2.536
391411884;515158;2012;2012-05-11;2012-06-07;2012-07-04;2012-07-26;2012-08-08;2012-08-21;2012-09-06;Vaud;Jura;2.499
394351633;533190;2012;2012-05-17;2012-06-15;2012-07-11;2012-07-25;2012-08-09;2012-08-22;2012-09-07;Vaud;Jura;2.468
390816206;539174;2012;2012-05-10;2012-06-14;2012-07-09;2012-07-19;2012-08-03;2012-08-23;2012-09-07;Vaud;Mittelland;2.504
391606680;557166;2012;2012-05-11;2012-06-15;2012-07-11;2012-07-16;2012-08-03;2012-08-20;2012-09-07;Fribourg;Mittelland;2.501
3364580609;683126;2012;2012-05-10;2012-05-29;2012-07-09;2012-07-16;2012-07-25;2012-08-08;2012-08-21;Ticino;Alpensüdflanke;2.497
402571018;725198;2012;;;2012-07-10;2012-07-19;2012-08-09;2012-08-14;;Glarus;Alpennordflanke;2.481
389860669;665198;2012;2012-05-04;2012-05-30;2012-06-28;2012-07-18;2012-07-26;2012-08-10;2012-08-27;Nidwalden;Alpennordflanke;2.489
387963143;671222;2012;2012-05-04;2012-05-29;2012-06-27;2012-07-10;2012-07-25;2012-08-11;2012-09-08;Aargau;Mittelland;2.505
390987648;689214;2012;2012-05-10;2012-06-02;2012-07-05;2012-07-19;2012-07-31;2012-08-14;2012-09-07;Schwyz;Alpennordflanke;2.494
391978937;737246;2012;2012-05-04;2012-06-15;2012-06-30;2012-07-18;2012-07-27;2012-08-11;2012-08-28;Appenzell Ausserrhoden;Alpennordflanke;2.427
390395852;743270;2012;2012-05-04;2012-06-15;2012-06-30;2012-07-18;2012-07-27;2012-08-11;2012-08-28;Thurgau;Mittelland;2.498
403950974;767206;2012;2012-05-04;2012-06-07;2012-06-30;2012-07-19;2012-07-27;2012-08-14;2012-08-27;Graubünden;Östliche Zentralalpen;2.507
394031164;785198;2012;;2012-06-15;2012-07-10;2012-07-18;2012-08-01;2012-08-10;2012-08-28;Graubünden;Östliche Zentralalpen;2.501
391768578;623190;2012;2012-05-03;2012-06-07;2012-06-29;2012-07-17;2012-07-31;2012-08-10;2012-08-27;Bern;Alpennordflanke;2.473
390995174;629214;2012;2012-05-03;2012-06-07;2012-07-04;2012-07-16;2012-07-30;2012-08-13;2012-08-25;Bern;Mittelland;2.5
391595256;647206;2012;2012-05-04;2012-06-15;2012-06-29;2012-07-16;2012-07-31;2012-08-10;2012-08-27;Luzern;Alpennordflanke;2.597
393056033;641182;2012;2012-05-24;2012-06-15;2012-06-30;2012-07-18;2012-08-01;2012-08-11;2012-08-28;Luzern;Alpennordflanke;2.588
3363894182;575174;2012;2012-05-11;2012-06-15;2012-07-04;2012-07-17;2012-08-02;2012-08-20;2012-08-27;Fribourg;Alpennordflanke;2.503
391951331;575158;2012;2012-05-14;2012-06-18;2012-07-07;2012-07-24;2012-08-04;2012-08-18;2012-09-09;Fribourg;Alpennordflanke;2.5
395133543;563110;2012;;2012-06-22;2012-07-09;2012-07-26;2012-08-09;2012-08-21;2012-09-08;Valais;Westliche Zentralalpen;1.388
394446026;683150;2012;2012-05-27;2012-06-17;2012-06-27;2012-07-10;2012-07-23;2012-08-09;2012-08-27;Ticino;Alpensüdflanke;2.488
403870344;755238;2012;2012-05-25;2012-06-15;2012-07-04;2012-07-19;2012-07-27;2012-08-11;2012-08-20;St. Gallen;Alpennordflanke;2.508
402052443;737166;2012;;2012-06-16;2012-06-30;2012-07-18;2012-07-26;2012-08-13;2012-08-21;Graubünden;Östliche Zentralalpen;2.38
397912010;683190;2012;;;2012-06-29;2012-07-09;2012-07-25;2012-08-14;;Uri;Alpennordflanke;1.157
391248119;719254;2012;2012-05-10;2012-06-07;2012-07-05;2012-07-18;2012-07-30;2012-08-13;2012-08-28;St. Gallen;Mittelland;2.572
390037566;695238;2012;2012-05-11;2012-06-18;2012-07-07;2012-07-18;2012-07-31;2012-08-12;2012-08-29;Zürich;Mittelland;2.506
402323773;719134;2012;2012-05-10;2012-06-14;2012-07-09;2012-07-16;2012-08-02;2012-08-17;2012-08-26;Ticino;Alpensüdflanke;2.5
402259061;689134;2012;2012-05-10;2012-06-18;2012-06-28;2012-07-16;2012-08-08;2012-08-17;2012-08-28;Ticino;Alpensüdflanke;2.378
402306219;677126;2012;2012-05-17;2012-06-19;2012-07-12;2012-07-24;2012-08-09;2012-08-20;2012-09-06;Ticino;Alpensüdflanke;2.502
402484841;635126;2012;2012-05-04;2012-06-05;2012-06-30;2012-07-16;2012-08-01;2012-08-13;2012-09-10;Valais;Westliche Zentralalpen;2.426
393659882;647126;2012;2012-05-29;2012-06-17;2012-07-07;2012-07-17;2012-07-27;2012-08-14;2012-08-28;Valais;Westliche Zentralalpen;2.494
403893322;761182;2012;2012-05-14;2012-06-02;2012-07-01;2012-07-16;2012-07-26;2012-08-13;2012-08-23;Graubünden;Östliche Zentralalpen;2.502
391945570;599174;2013;2013-06-07;2013-06-16;2013-07-07;2013-07-21;2013-07-27;2013-08-06;2013-08-21;Bern;Alpennordflanke;2.576
394271626;593150;2013;;2013-06-18;2013-07-06;2013-07-23;2013-08-01;2013-08-15;2013-08-23;Bern;Alpennordflanke;2.534
402393355;611142;2013;;;2013-07-22;2013-07-27;2013-08-03;2013-08-15;;Bern;Alpennordflanke;1.782
402396551;635158;2013;2013-05-18;2013-06-08;2013-07-05;2013-07-15;2013-08-01;2013-08-15;2013-09-03;Bern;Alpennordflanke;2.528
402230453;695118;2013;2013-05-22;2013-06-11;2013-07-01;2013-07-11;2013-07-23;2013-08-12;2013-08-28;Ticino;Alpensüdflanke;2.515
434989647;785150;2013;;2013-06-08;2013-07-05;2013-07-25;2013-07-31;2013-08-16;2013-09-04;Graubünden;Östliche Zentralalpen;2.505
422427033;767158;2013;2013-05-27;2013-06-08;2013-06-30;2013-07-21;2013-07-30;2013-08-16;2013-08-29;Graubünden;Östliche Zentralalpen;2.501
423988273;743222;2013;2013-06-05;2013-06-13;2013-07-01;2013-07-16;2013-07-28;2013-08-12;2013-08-31;St. Gallen;Alpennordflanke;2.501
376034466;689166;2013;;2013-06-07;2013-07-04;2013-07-15;2013-08-02;2013-08-11;2013-08-30;Uri;Östliche Zentralalpen;2.506
424937907;773182;2013;;2013-06-17;2013-07-06;2013-07-22;2013-08-03;2013-08-15;2013-09-05;Graubünden;Östliche Zentralalpen;2.504
371130143;599206;2013;2013-05-14;2013-06-16;2013-07-06;2013-07-20;2013-08-01;2013-08-17;2013-08-31;Bern;Mittelland;2.458
371000816;575190;2013;2013-05-08;2013-06-08;2013-06-30;2013-07-15;2013-07-23;2013-08-10;2013-08-20;Fribourg;Mittelland;2.508
422086835;545190;2013;2013-05-14;2013-06-08;2013-07-01;2013-07-20;2013-07-31;2013-08-11;2013-08-31;Vaud;Jura;2.506
423065370;551214;2013;2013-05-27;2013-06-12;2013-07-06;2013-07-16;2013-07-23;2013-08-06;2013-08-30;Neuchâtel;Jura;2.497
370805527;563222;2013;2013-06-05;2013-06-16;2013-07-06;2013-07-16;2013-07-25;2013-08-06;2013-08-23;Bern;Jura;2.505
435319723;779206;2013;;2013-06-18;2013-07-02;2013-07-24;2013-08-01;2013-08-22;2013-09-03;Graubünden;Östliche Zentralalpen;2.508
421489984;593182;2013;2013-05-07;2013-06-06;2013-07-02;2013-07-22;2013-08-02;2013-08-16;2013-08-30;Bern;Mittelland;2.501
421935782;521174;2013;2013-05-08;2013-06-05;2013-07-01;2013-07-16;2013-07-31;2013-08-12;2013-08-22;Vaud;Jura;2.505
423036804;509166;2013;2013-05-14;2013-06-13;2013-07-01;2013-07-16;2013-07-31;2013-08-10;2013-08-22;Vaud;Jura;2.503
422458220;761134;2013;2013-05-03;2013-06-07;2013-06-30;2013-07-13;2013-08-04;2013-08-20;2013-08-29;Graubünden;Alpensüdflanke;2.587
435224094;809126;2013;2013-05-12;2013-06-12;2013-07-05;2013-07-14;2013-08-03;2013-08-21;2013-09-02;Graubünden;Alpensüdflanke;2.622
435154117;803142;2013;;2013-06-13;2013-07-06;2013-07-16;2013-08-02;2013-08-28;2013-09-03;Graubünden;Alpensüdflanke;2.207
430300170;617118;2013;;;2013-07-21;2013-07-31;2013-08-10;2013-08-21;;Valais;Westliche Zentralalpen;2.128
421915430;533182;2014;2014-05-10;2014-06-07;2014-06-27;2014-07-16;2014-08-04;2014-08-10;2014-08-24;Vaud;Mittelland;2.501
423735019;617238;2013;2013-05-08;2013-06-07;2013-07-01;2013-07-20;2013-08-05;2013-08-22;2013-08-30;Solothurn;Jura;2.509
426585871;587158;2013;;2013-06-18;2013-07-08;2013-07-26;2013-08-02;2013-08-15;2013-09-04;Bern;Alpennordflanke;2.5
420021540;719126;2013;2013-04-25;2013-05-23;2013-06-19;2013-07-04;2013-07-23;2013-08-07;2013-09-12;Ticino;Alpensüdflanke;2.502
422952213;701134;2013;2013-05-11;2013-06-11;2013-06-30;2013-07-25;2013-08-05;2013-08-20;2013-08-29;Ticino;Alpensüdflanke;2.506
420700871;575110;2013;2013-04-25;2013-06-04;2013-06-25;2013-07-09;2013-07-22;2013-08-04;2013-09-03;Valais;Westliche Zentralalpen;2.503
421853233;677278;2013;2013-05-14;2013-06-06;2013-07-08;2013-07-21;2013-08-01;2013-08-21;2013-09-03;Schaffhausen;Mittelland;2.504
421829079;695270;2013;2013-05-14;2013-06-06;2013-07-08;2013-07-21;2013-08-01;2013-08-21;2013-09-03;Zürich;Mittelland;2.504
421834270;665230;2013;2013-05-08;2013-06-06;2013-07-02;2013-07-16;2013-07-31;2013-08-14;2013-08-29;Luzern;Mittelland;2.504
422949247;641254;2013;2013-05-14;2013-06-07;2013-07-05;2013-07-19;2013-08-06;2013-08-15;2013-08-30;Aargau;Jura;2.504
421222219;647238;2013;2013-05-14;2013-06-06;2013-07-02;2013-07-16;2013-07-31;2013-08-14;2013-08-26;Aargau;Mittelland;2.504
422364334;755190;2013;2013-05-14;2013-06-17;2013-07-05;2013-07-20;2013-07-31;2013-08-18;2013-08-31;Graubünden;Östliche Zentralalpen;2.585
435330485;815190;2013;;2013-06-18;2013-07-05;2013-07-16;2013-07-27;2013-08-10;2013-08-22;Graubünden;Östliche Zentralalpen;2.518
420887117;605230;2013;2013-05-07;2013-06-06;2013-07-08;2013-07-20;2013-08-02;2013-08-13;2013-08-29;Solothurn;Jura;2.504
422011957;599246;2013;2013-05-08;2013-06-07;2013-07-06;2013-07-16;2013-08-01;2013-08-15;2013-08-31;Jura;Jura;2.502
423841533;569246;2013;2013-05-27;2013-06-13;2013-07-06;2013-07-16;2013-08-01;2013-08-15;2013-08-30;Jura;Jura;2.513
422535275;689246;2013;2013-05-08;2013-06-05;2013-07-02;2013-07-16;2013-07-31;2013-08-17;2013-08-29;Zürich;Mittelland;2.504
422178503;707238;2013;2013-05-08;2013-06-06;2013-07-02;2013-07-17;2013-08-01;2013-08-17;2013-08-31;Zürich;Mittelland;2.503
424003593;749246;2013;2013-05-14;2013-06-13;2013-07-08;2013-07-15;2013-08-02;2013-08-16;2013-08-30;Appenzell Innerrhoden;Alpennordflanke;2.537
425981584;701214;2013;2013-05-28;2013-06-17;2013-07-06;2013-07-14;2013-07-28;2013-08-15;2013-09-04;Schwyz;Alpennordflanke;2.513
421065460;623262;2013;2013-05-08;2013-06-06;2013-07-09;2013-07-16;2013-08-01;2013-08-12;2013-08-20;Basel-Landschaft;Jura;2.501
422635860;653262;2013;2013-05-18;2013-06-06;2013-07-08;2013-07-16;2013-08-01;2013-08-12;2013-08-20;Aargau;Mittelland;2.504
423734935;557118;2013;2013-05-14;2013-06-05;2013-07-05;2013-07-15;2013-08-06;2013-08-16;2013-08-31;Valais;Alpennordflanke;2.503
425980994;581134;2013;;2013-06-16;2013-07-05;2013-07-23;2013-08-02;2013-08-15;2013-08-30;Vaud;Alpennordflanke;2.505
422608458;671254;2013;2013-05-08;2013-06-05;2013-07-02;2013-07-12;2013-07-25;2013-08-06;2013-08-22;Zürich;Mittelland;2.504
424163069;629166;2013;2013-06-04;2013-06-13;2013-07-01;2013-07-11;2013-07-27;2013-08-10;2013-08-20;Bern;Alpennordflanke;2.502
425468162;605150;2013;;2013-06-26;2013-07-10;2013-07-15;2013-07-26;2013-08-11;2013-08-21;Bern;Alpennordflanke;2.295
435093763;749166;2013;2013-06-05;2013-06-08;2013-07-06;2013-07-13;2013-07-26;2013-08-15;2013-08-22;Graubünden;Östliche Zentralalpen;2.503
431468550;725150;2013;;;2013-07-14;2013-07-25;2013-08-03;2013-08-10;;Graubünden;Östliche Zentralalpen;1.624
371180953;713102;2013;2013-05-13;2013-06-11;2013-07-05;2013-07-22;2013-08-03;2013-08-20;2013-09-01;Ticino;Alpensüdflanke;2.502
425393921;689126;;;;;;;;;Ticino;Alpensüdflanke;2.516
427022926;725110;;;;;;;;;Ticino;Alpensüdflanke;2.42
421222817;497118;2013;2013-05-07;2013-06-07;2013-07-13;2013-07-22;2013-08-04;2013-08-11;2013-08-31;Genève;Mittelland;2.464
421846477;503142;2013;2013-05-08;2013-06-13;2013-07-05;2013-07-23;2013-08-05;2013-08-11;2013-08-31;Vaud;Jura;2.511
425979901;527198;2013;2013-06-05;2013-06-18;2013-07-07;2013-07-21;2013-08-01;2013-08-16;2013-08-30;Neuchâtel;Jura;2.503
422005532;569166;2013;2013-05-08;2013-06-06;2013-07-01;2013-07-22;2013-07-31;2013-08-12;2013-09-04;Fribourg;Alpennordflanke;2.503
422784426;551174;2013;2013-05-08;2013-06-05;2013-06-30;2013-07-21;2013-07-30;2013-08-13;2013-08-29;Vaud;Mittelland;2.436
420191749;527158;2013;2013-05-13;2013-06-05;2013-06-30;2013-07-21;2013-07-30;2013-08-17;2013-09-02;Vaud;Mittelland;2.503
421829899;707118;2013;2013-05-11;2013-06-18;2013-07-02;2013-07-23;2013-08-06;2013-08-13;2013-09-20;Ticino;Alpensüdflanke;2.387
423841247;653182;2013;2013-06-06;2013-06-16;2013-07-11;2013-07-22;2013-08-03;2013-08-16;2013-08-30;Obwalden;Alpennordflanke;2.515
423558700;659206;2013;2013-05-14;2013-06-07;2013-07-01;2013-07-12;2013-07-26;2013-08-10;2013-08-30;Luzern;Alpennordflanke;2.505
425546912;677198;2013;2013-06-06;2013-06-13;2013-07-07;2013-07-23;2013-08-01;2013-08-15;2013-09-04;Nidwalden;Alpennordflanke;2.512
422604333;545150;2013;2013-05-27;2013-06-13;2013-07-08;2013-07-20;2013-08-03;2013-08-17;2013-08-29;Vaud;Mittelland;2.503
422098915;731254;2013;2013-05-14;2013-06-06;2013-07-01;2013-07-14;2013-07-27;2013-08-15;2013-08-30;St. Gallen;Mittelland;2.529
433179811;713262;2013;2013-05-14;2013-06-06;2013-07-01;2013-07-14;2013-07-27;2013-08-15;2013-08-30;Thurgau;Mittelland;2.504
423824230;641214;2013;2013-05-08;2013-06-12;2013-07-01;2013-07-25;2013-08-02;2013-08-22;2013-09-02;Luzern;Mittelland;2.548
423043019;683222;2013;2013-05-14;2013-06-07;2013-07-07;2013-07-16;2013-07-28;2013-08-16;2013-08-30;Zug;Mittelland;2.502
423647091;695190;2013;2013-05-02;2013-06-05;2013-07-06;2013-07-22;2013-07-31;2013-08-21;2013-08-29;Uri;Alpennordflanke;2.502
420017335;611254;2013;2013-05-27;2013-06-13;2013-07-01;2013-07-16;2013-07-31;2013-08-16;2013-08-30;Basel-Landschaft;Jura;2.504
423913569;587238;2013;2013-05-27;2013-06-13;2013-07-02;2013-07-14;2013-08-03;2013-08-15;2013-08-31;Jura;Jura;2.505
430138522;635110;2013;;;2013-07-27;2013-08-02;2013-08-14;2013-08-21;;Valais;Westliche Zentralalpen;0.877
423484243;629246;2013;2013-05-06;2013-06-07;2013-07-01;2013-07-13;2013-07-31;2013-08-10;2013-08-30;Basel-Landschaft;Jura;2.495
423560490;623222;2013;2013-05-02;2013-06-06;2013-07-02;2013-07-13;2013-07-31;2013-08-14;2013-08-26;Bern;Mittelland;2.503
370788387;611174;2013;2013-05-07;2013-06-04;2013-07-05;2013-07-16;2013-08-02;2013-08-16;2013-08-29;Bern;Mittelland;2.503
423559095;617198;2013;2013-05-07;2013-06-07;2013-07-02;2013-07-16;2013-08-02;2013-08-14;2013-08-29;Bern;Mittelland;2.494
370965738;575230;2014;2014-05-05;2014-06-14;2014-07-06;2014-07-15;2014-08-01;2014-08-19;2014-09-02;Bern;Jura;2.494
422171667;599126;2013;2013-05-14;2013-06-07;2013-07-01;2013-07-15;2013-08-01;2013-08-13;2013-08-30;Valais;Westliche Zentralalpen;2.575
424589939;563142;2013;2013-06-03;2013-06-18;2013-07-07;2013-07-17;2013-07-31;2013-08-16;2013-08-29;Vaud;Alpennordflanke;2.52
370829874;641134;2013;2013-06-04;2013-06-16;2013-07-02;2013-07-14;2013-08-05;2013-08-20;2013-09-03;Valais;Westliche Zentralalpen;2.489
424795220;665150;2013;2013-06-06;2013-06-30;2013-07-13;2013-07-19;2013-08-06;2013-08-23;2013-09-06;Valais;Westliche Zentralalpen;2.503
423299624;695150;2013;2013-06-04;2013-06-16;2013-07-06;2013-07-20;2013-07-31;2013-08-11;2013-08-20;Ticino;Alpensüdflanke;2.464
434810058;731174;2013;2013-06-05;2013-06-15;2013-07-07;2013-07-22;2013-07-28;2013-08-06;2013-08-24;Graubünden;Östliche Zentralalpen;2.502
423911556;725230;2013;2013-06-07;2013-06-18;2013-07-01;2013-07-08;2013-07-26;2013-08-07;2013-08-22;St. Gallen;Alpennordflanke;2.516
370805727;671174;2013;;;2013-07-21;2013-07-30;2013-08-02;2013-08-21;;Bern;Alpennordflanke;1.25
435090839;713182;2013;;;2013-07-23;2013-07-27;2013-08-01;2013-08-23;;Graubünden;Östliche Zentralalpen;1.75
378051072;731134;2013;;2013-06-12;2013-07-05;2013-07-25;2013-08-03;2013-08-13;2013-08-29;Graubünden;Alpensüdflanke;2.504
376568501;695110;2013;2013-05-13;2013-06-13;2013-07-04;2013-07-25;2013-07-31;2013-08-21;2013-09-02;Ticino;Alpensüdflanke;2.511
376741205;683142;2013;2013-06-03;2013-06-25;2013-06-30;2013-07-16;2013-08-06;2013-08-22;2013-09-03;Ticino;Alpensüdflanke;2.376
370805480;635190;2014;2014-05-05;2014-06-06;2014-07-06;2014-07-18;2014-08-04;2014-08-12;2014-09-02;Luzern;Alpennordflanke;2.502
425205474;713142;2014;2014-05-24;2014-06-19;2014-07-15;2014-07-23;2014-08-06;2014-08-21;2014-09-11;Ticino;Alpensüdflanke;2.428
3042004478;767206;;;;;;;;;Graubünden;Östliche Zentralalpen;2.507
3134461557;497118;2003;2003-05-15;2003-06-11;2003-07-08;2003-07-17;2003-07-29;2003-08-11;2003-08-26;Genève;Mittelland;2.504
453459018;593214;2014;2014-05-18;2014-06-07;2014-07-06;2014-07-15;2014-08-09;2014-08-17;2014-08-28;Bern;Mittelland;2.503
372611255;611206;2014;2014-05-18;2014-06-07;2014-07-01;2014-07-17;2014-08-08;2014-08-17;2014-09-04;Bern;Mittelland;2.505
455007385;623174;2014;2014-05-21;2014-06-08;2014-07-03;2014-07-17;2014-08-06;2014-08-22;2014-09-06;Bern;Alpennordflanke;2.485
452849611;587190;2014;2014-05-17;2014-06-09;2014-07-01;2014-07-15;2014-07-25;2014-08-09;2014-08-30;Fribourg;Mittelland;2.505
370676305;563174;2014;2014-05-18;2014-06-07;2014-06-27;2014-07-16;2014-07-25;2014-08-08;2014-08-27;Fribourg;Mittelland;2.502
455275384;581166;2014;2014-05-23;2014-06-08;2014-07-06;2014-07-17;2014-08-06;2014-08-17;2014-09-06;Fribourg;Alpennordflanke;2.508
451037437;605262;2014;2014-05-05;2014-06-07;2014-07-01;2014-07-16;2014-07-31;2014-08-17;2014-09-02;Basel-Landschaft;Mittelland;2.502
457169367;785182;2014;;2014-06-17;2014-07-16;2014-07-19;2014-08-08;2014-08-18;2014-09-07;Graubünden;Östliche Zentralalpen;2.498
454922239;539198;2014;2014-05-05;2014-06-09;2014-07-01;2014-07-17;2014-07-25;2014-08-17;2014-09-04;Neuchâtel;Jura;2.504
370699580;569198;2014;2014-05-08;2014-06-06;2014-06-26;2014-07-17;2014-07-25;2014-08-12;2014-09-07;Vaud;Mittelland;2.503
370619056;605182;2014;2014-05-10;2014-06-06;2014-07-15;2014-07-19;2014-08-01;2014-08-21;2014-09-02;Bern;Mittelland;2.494
455961518;551206;2014;2014-05-20;2014-06-07;2014-06-26;2014-07-16;2014-08-08;2014-08-28;2014-09-08;Neuchâtel;Jura;2.513
456570181;617150;2014;2014-05-21;2014-06-08;2014-07-06;2014-07-18;2014-08-06;2014-08-18;2014-09-06;Bern;Alpennordflanke;2.5
456993557;803134;2014;2014-05-10;2014-06-08;2014-07-11;2014-07-18;2014-08-06;2014-08-16;2014-08-27;Graubünden;Alpensüdflanke;2.501
456398061;821166;2014;;2014-06-10;2014-07-03;2014-07-15;2014-07-31;2014-08-17;2014-08-28;Graubünden;Östliche Zentralalpen;2.518
452683496;719078;2014;2014-05-04;2014-06-07;2014-06-27;2014-07-05;2014-07-31;2014-08-14;2014-09-12;Ticino;Alpensüdflanke;2.502
455451204;599238;2014;2014-05-05;2014-06-07;2014-07-06;2014-07-18;2014-08-08;2014-08-22;2014-09-04;Bern;Jura;2.502
456652250;599158;2014;;2014-06-21;2014-07-16;2014-07-25;2014-08-06;2014-08-17;2014-09-03;Bern;Alpennordflanke;2.605
454317548;713134;2014;2014-05-05;2014-06-12;2014-07-03;2014-07-17;2014-08-06;2014-08-18;2014-09-11;Ticino;Alpensüdflanke;2.559
453367650;719118;2014;2014-05-17;2014-06-05;2014-06-30;2014-07-15;2014-08-04;2014-08-14;2014-09-07;Ticino;Alpensüdflanke;2.487
456938051;605102;2014;2014-05-18;2014-06-07;2014-07-03;2014-07-17;2014-08-06;2014-08-14;2014-08-28;Valais;Westliche Zentralalpen;2.572
458459839;581086;2014;2014-05-31;2014-06-12;2014-07-15;2014-08-05;2014-08-08;2014-08-18;2014-09-03;Valais;Westliche Zentralalpen;2.501
453630546;569238;2014;2014-05-05;2014-06-07;2014-07-01;2014-07-17;2014-08-06;2014-08-22;2014-09-05;Jura;Jura;2.5
371978777;563214;2014;2014-05-10;2014-06-06;2014-07-03;2014-07-18;2014-08-08;2014-08-21;2014-09-04;Neuchâtel;Jura;2.501
372843882;575222;2014;2014-05-19;2014-06-07;2014-07-03;2014-07-18;2014-08-01;2014-08-28;2014-09-04;Bern;Jura;2.504
450862466;617230;2014;2014-05-05;2014-06-06;2014-07-03;2014-07-17;2014-07-31;2014-08-17;2014-08-28;Bern;Mittelland;2.494
453557540;581246;2014;2014-05-18;2014-06-07;2014-07-01;2014-07-16;2014-08-01;2014-08-18;2014-09-02;Jura;Jura;2.505
453191309;623254;2014;2014-05-19;2014-06-08;2014-07-03;2014-07-17;2014-08-08;2014-08-21;2014-09-04;Basel-Landschaft;Jura;2.488
453542315;689278;2014;2014-05-08;2014-06-10;2014-07-03;2014-07-25;2014-08-06;2014-08-17;2014-09-07;Zürich;Mittelland;2.51
465075049;707270;2014;2014-05-10;2014-06-10;2014-07-03;2014-07-19;2014-08-06;2014-08-17;2014-09-07;Thurgau;Mittelland;2.539
452592148;665262;2014;2014-04-24;2014-06-03;2014-06-26;2014-07-19;2014-08-01;2014-08-12;2014-09-02;Aargau;Mittelland;2.501
452341641;635262;2014;2014-05-05;2014-06-07;2014-06-27;2014-07-16;2014-08-06;2014-08-22;2014-09-06;Aargau;Jura;2.504
452078390;653254;2014;2014-05-10;2014-06-09;2014-06-27;2014-07-17;2014-08-07;2014-08-12;2014-09-04;Aargau;Jura;2.503
453968875;761246;2014;2014-05-01;2014-06-07;2014-06-26;2014-07-15;2014-07-28;2014-08-10;2014-08-21;St. Gallen;Mittelland;2.504
456134429;701166;2014;2014-05-31;2014-06-14;2014-07-17;2014-07-25;2014-08-06;2014-08-18;2014-08-22;Graubünden;Östliche Zentralalpen;2.383
456314623;767190;2014;2014-05-19;2014-06-08;2014-07-06;2014-07-18;2014-08-04;2014-08-17;2014-09-07;Graubünden;Östliche Zentralalpen;2.5
452849674;755222;2014;2014-05-05;2014-06-10;2014-07-03;2014-07-18;2014-08-07;2014-08-18;2014-09-04;St. Gallen;Alpennordflanke;2.5
456337963;803174;2014;2014-05-22;2014-06-08;2014-07-17;2014-07-25;2014-08-17;2014-08-28;2014-09-08;Graubünden;Östliche Zentralalpen;2.501
456471020;827190;2014;2014-05-10;2014-06-08;2014-07-03;2014-07-16;2014-08-01;2014-08-18;2014-08-24;Graubünden;Östliche Zentralalpen;2.504
453812413;683254;2014;2014-04-24;2014-06-01;2014-07-01;2014-07-15;2014-07-31;2014-08-28;2014-09-02;Zürich;Mittelland;2.504
455448080;719238;2014;2014-05-19;2014-06-06;2014-07-06;2014-07-18;2014-08-06;2014-08-17;2014-09-06;St. Gallen;Alpennordflanke;2.524
455872878;731206;2014;2014-05-20;2014-06-07;2014-07-03;2014-07-17;2014-08-08;2014-08-22;2014-09-04;Glarus;Alpennordflanke;2.497
456570479;725182;2014;2014-05-25;2014-06-09;2014-07-16;2014-07-25;2014-08-04;2014-08-18;2014-09-07;Graubünden;Östliche Zentralalpen;2.523
451720853;641246;2014;2014-05-06;2014-06-10;2014-07-03;2014-07-17;2014-07-31;2014-08-06;2014-09-04;Solothurn;Mittelland;2.503
374065255;647190;2014;2014-05-20;2014-06-07;2014-06-26;2014-07-17;2014-08-06;2014-08-18;2014-08-22;Luzern;Alpennordflanke;2.5
375691938;665182;2014;;2014-06-11;2014-07-03;2014-07-18;2014-08-08;2014-08-17;2014-08-28;Obwalden;Alpennordflanke;2.475
456577616;743174;2014;2014-05-19;2014-06-08;2014-07-15;2014-07-19;2014-07-25;2014-08-10;2014-08-28;Graubünden;Östliche Zentralalpen;2.502
458724311;779158;2014;;2014-06-21;2014-07-16;2014-07-18;2014-08-06;2014-08-17;2014-08-24;Graubünden;Östliche Zentralalpen;2.375
462264008;755142;2014;;;2014-07-06;2014-07-17;2014-08-08;2014-08-22;;Graubünden;Östliche Zentralalpen;1.227
455526478;731126;2014;2014-05-04;2014-06-01;2014-06-30;2014-07-15;2014-07-31;2014-08-14;2014-09-02;Graubünden;Alpensüdflanke;2.439
457691076;725102;2014;2014-05-21;2014-06-22;2014-07-02;2014-07-14;2014-07-31;2014-08-16;2014-09-02;Ticino;Alpensüdflanke;2.504
457076998;725142;2014;2014-05-30;2014-06-20;2014-07-12;2014-07-19;2014-08-06;2014-08-20;2014-09-03;Ticino;Alpensüdflanke;2.501
455612035;527190;2014;2014-05-10;2014-06-10;2014-07-06;2014-07-17;2014-08-08;2014-08-24;2014-09-02;Neuchâtel;Jura;2.547
453452845;539158;2014;2014-05-05;2014-06-06;2014-07-03;2014-07-25;2014-08-06;2014-08-17;2014-09-02;Vaud;Mittelland;2.5
455357792;521166;2014;2014-05-08;2014-06-06;2014-07-03;2014-07-24;2014-08-06;2014-08-17;2014-09-05;Vaud;Jura;2.502
451554058;707110;2014;2014-04-24;2014-05-28;2014-06-20;2014-07-14;2014-07-31;2014-08-14;2014-09-02;Ticino;Alpensüdflanke;2.14
455270365;683134;2014;2014-05-05;2014-06-12;2014-07-03;2014-07-16;2014-07-31;2014-08-15;2014-08-27;Ticino;Alpensüdflanke;2.501
488440508;737230;2014;;2014-06-09;2014-07-17;2014-07-25;2014-08-08;2014-08-18;2014-09-04;St. Gallen;Alpennordflanke;2.505
461655064;707190;2014;;;2014-07-03;2014-07-16;2014-08-06;2014-08-28;;Uri;Alpennordflanke;2.034
452245610;653214;2014;2014-05-05;2014-06-01;2014-06-27;2014-07-17;2014-08-04;2014-08-18;2014-09-04;Luzern;Mittelland;2.5
453888216;689198;2014;2014-05-06;2014-06-07;2014-07-01;2014-07-18;2014-08-08;2014-08-17;2014-08-28;Uri;Alpennordflanke;1.625
452073606;545182;2014;2014-05-05;2014-06-10;2014-07-06;2014-07-17;2014-08-05;2014-08-22;2014-09-04;Vaud;Mittelland;2.503
456319640;509158;2014;2014-05-20;2014-06-06;2014-07-03;2014-07-18;2014-08-06;2014-08-28;2014-09-05;Vaud;Jura;2.541
371548440;629118;2014;2014-05-08;2014-06-09;2014-07-16;2014-07-31;2014-08-06;2014-08-18;2014-09-02;Valais;Westliche Zentralalpen;2.5
458633502;623094;2014;;2014-06-08;2014-07-03;2014-07-18;2014-08-05;2014-08-21;2014-09-03;Valais;Westliche Zentralalpen;2.523
455353348;743254;2014;2014-05-05;2014-06-01;2014-07-03;2014-07-17;2014-08-06;2014-08-17;2014-09-08;St. Gallen;Mittelland;2.435
464988787;725262;2014;2014-05-05;2014-06-01;2014-07-03;2014-07-17;2014-08-06;2014-08-17;2014-09-08;Thurgau;Mittelland;2.502
451554573;659238;2014;2014-05-05;2014-06-11;2014-07-01;2014-07-24;2014-07-31;2014-08-17;2014-09-02;Aargau;Mittelland;2.119
451640847;677230;2014;2014-05-10;2014-06-12;2014-07-04;2014-07-23;2014-08-04;2014-08-17;2014-09-06;Zürich;Mittelland;2.554
453018903;611126;2014;2014-05-05;2014-06-02;2014-07-06;2014-07-19;2014-08-05;2014-08-18;2014-09-02;Valais;Westliche Zentralalpen;2.577
457611056;653134;2014;;2014-06-09;2014-07-17;2014-08-01;2014-08-06;2014-08-17;2014-08-28;Valais;Westliche Zentralalpen;2.327
372322000;629198;2014;2014-04-23;2014-06-03;2014-07-06;2014-07-18;2014-07-31;2014-08-12;2014-08-24;Bern;Alpennordflanke;2.502
454667137;635222;2014;2014-04-24;2014-06-03;2014-07-04;2014-07-16;2014-07-28;2014-08-14;2014-08-28;Luzern;Mittelland;2.5
454401541;611246;2014;2014-05-05;2014-06-01;2014-07-01;2014-07-16;2014-08-08;2014-08-18;2014-08-28;Solothurn;Jura;2.497
455355714;641166;2014;2014-05-20;2014-06-08;2014-07-03;2014-07-17;2014-08-01;2014-08-17;2014-09-03;Bern;Alpennordflanke;2.376
372866582;587230;2014;2014-05-05;2014-06-14;2014-07-06;2014-07-15;2014-08-01;2014-08-22;2014-09-04;Bern;Jura;2.505
454667635;587110;2014;2014-05-10;2014-06-06;2014-07-06;2014-07-25;2014-08-04;2014-08-17;2014-09-03;Valais;Westliche Zentralalpen;2.492
453971787;557150;2014;2014-05-19;2014-06-07;2014-07-18;2014-07-31;2014-08-05;2014-08-21;2014-09-02;Vaud;Alpennordflanke;2.5
455630266;575142;2014;2014-05-24;2014-06-08;2014-07-16;2014-07-31;2014-08-06;2014-08-24;2014-09-07;Vaud;Alpennordflanke;2.493
456562346;569118;2014;2014-06-01;2014-06-11;2014-07-17;2014-08-01;2014-08-08;2014-08-28;2014-09-08;Vaud;Alpennordflanke;2.503
456229167;749198;2014;2014-05-31;2014-06-08;2014-07-04;2014-07-19;2014-08-02;2014-08-08;2014-08-25;St. Gallen;Östliche Zentralalpen;2.498
458717484;683174;2014;;2014-06-09;2014-07-03;2014-07-16;2014-08-06;2014-08-18;2014-08-24;Uri;Alpennordflanke;2.197
375539939;647110;2014;;2014-06-22;2014-07-17;2014-07-31;2014-08-05;2014-08-16;2014-08-23;Valais;Alpensüdflanke;2.534
458287151;719158;2014;;2014-06-11;2014-07-15;2014-07-23;2014-07-31;2014-08-14;2014-08-27;Ticino;Alpensüdflanke;2.51
456910343;695142;2014;2014-05-28;2014-06-22;2014-07-03;2014-07-18;2014-07-31;2014-08-17;2014-09-03;Ticino;Alpensüdflanke;2.527
457690673;701126;2014;;2014-06-20;2014-07-12;2014-07-27;2014-08-05;2014-08-21;2014-09-05;Ticino;Alpensüdflanke;2.448
373969585;713214;2015;2015-05-11;2015-06-05;2015-07-03;2015-07-14;2015-08-04;2015-08-20;2015-08-28;Schwyz;Alpennordflanke;2.409
460978410;695222;2014;2014-05-08;2014-06-06;2014-07-03;2014-07-25;2014-08-01;2014-08-08;2014-08-28;Schwyz;Alpennordflanke;2.501
456659180;761166;2015;2015-05-14;2015-06-04;2015-06-28;2015-07-21;2015-07-28;2015-08-12;2015-08-22;Graubünden;Östliche Zentralalpen;2.499
457427161;707150;2015;;2015-06-11;2015-06-30;2015-07-15;2015-08-06;2015-08-11;2015-08-27;Ticino;Alpensüdflanke;2.491
462268437;797150;2015;;;2015-07-05;2015-07-14;2015-08-03;2015-08-11;;Graubünden;Östliche Zentralalpen;2.25
515491601;575214;2015;2015-05-07;2015-06-05;2015-07-03;2015-07-21;2015-08-07;2015-08-21;2015-08-26;Bern;Jura;2.51
485603332;545214;2015;2015-05-10;2015-06-06;2015-07-05;2015-07-16;2015-08-02;2015-08-22;2015-08-29;Neuchâtel;Jura;2.509
483692297;563206;2015;2015-05-12;2015-06-05;2015-07-10;2015-07-18;2015-08-02;2015-08-20;2015-08-26;Neuchâtel;Jura;2.503
489387360;593166;2015;;2015-06-17;2015-07-04;2015-07-15;2015-08-03;2015-08-12;2015-08-30;Fribourg;Alpennordflanke;2.516
486214054;617182;2015;2015-05-10;2015-06-06;2015-06-29;2015-07-14;2015-08-03;2015-08-08;2015-08-21;Bern;Alpennordflanke;2.5
484730683;599190;2015;2015-05-13;2015-06-14;2015-07-01;2015-07-15;2015-08-05;2015-08-12;2015-08-26;Bern;Mittelland;2.489
484228687;635254;2015;2015-05-12;2015-06-04;2015-07-02;2015-07-21;2015-07-30;2015-08-18;2015-08-26;Basel-Landschaft;Jura;2.502
484136811;617262;2015;2015-05-12;2015-06-03;2015-06-30;2015-07-14;2015-07-30;2015-08-13;2015-08-27;Basel-Landschaft;Mittelland;2.523
488471948;797142;2015;;2015-06-23;2015-07-02;2015-07-15;2015-08-06;2015-08-12;2015-08-27;Graubünden;Alpensüdflanke;2.381
484565190;557182;2015;2015-05-11;2015-06-03;2015-06-26;2015-07-17;2015-07-31;2015-08-11;2015-08-26;Fribourg;Mittelland;2.547
487158504;587142;2015;2015-05-12;2015-06-04;2015-07-01;2015-07-14;2015-07-28;2015-08-08;2015-08-21;Bern;Alpennordflanke;2.514
486723083;575174;2015;2015-05-12;2015-06-06;2015-07-04;2015-07-20;2015-08-05;2015-08-20;2015-08-27;Fribourg;Alpennordflanke;2.503
486475153;539190;2015;2015-05-13;2015-06-05;2015-07-02;2015-07-15;2015-08-02;2015-08-12;2015-08-22;Vaud;Jura;2.501
486458001;527182;2015;2015-05-18;2015-06-11;2015-07-03;2015-07-16;2015-08-03;2015-08-13;2015-08-29;Vaud;Jura;2.452
493456615;803126;2015;2015-05-10;2015-06-05;2015-06-30;2015-07-14;2015-07-28;2015-08-13;2015-08-28;Graubünden;Alpensüdflanke;2.46
489225289;791158;2015;;;2015-07-01;2015-07-15;2015-08-03;2015-08-21;;Graubünden;Östliche Zentralalpen;2.518
492855208;833166;2015;;;2015-07-03;2015-07-17;2015-07-31;2015-08-12;;Graubünden;Östliche Zentralalpen;2.473
484296675;701118;2015;2015-05-02;2015-06-04;2015-07-01;2015-07-11;2015-07-28;2015-08-12;2015-09-07;Ticino;Alpensüdflanke;2.538
487060276;683126;2015;2015-05-14;2015-06-11;2015-07-07;2015-07-26;2015-08-05;2015-08-21;2015-09-21;Ticino;Alpensüdflanke;2.497
485506655;707142;2015;2015-05-02;2015-06-03;2015-06-30;2015-07-14;2015-07-28;2015-08-12;2015-08-26;Ticino;Alpensüdflanke;2.504
485592832;719110;2015;2015-05-07;2015-06-05;2015-07-02;2015-07-15;2015-07-30;2015-08-11;2015-08-31;Ticino;Alpensüdflanke;2.503
486715911;599230;2015;2015-05-12;2015-06-03;2015-07-06;2015-07-22;2015-08-06;2015-08-21;2015-08-28;Solothurn;Jura;2.51
491989286;695174;2015;;;2015-07-03;2015-07-16;2015-08-03;2015-08-12;;Uri;Alpennordflanke;1.158
486717735;731118;2015;2015-05-12;2015-06-11;2015-07-02;2015-07-14;2015-08-06;2015-08-21;2015-09-07;Graubünden;Alpensüdflanke;2.543
488627139;671158;2015;;2015-06-04;2015-07-01;2015-07-15;2015-07-28;2015-08-11;2015-08-30;Valais;Westliche Zentralalpen;2.5
485508594;557222;2015;2015-05-11;2015-06-03;2015-07-01;2015-07-14;2015-08-05;2015-08-12;2015-08-27;Bern;Jura;2.5
488541312;569230;2015;2015-05-11;2015-06-03;2015-07-01;2015-07-14;2015-08-05;2015-08-12;2015-08-27;Jura;Jura;2.504
485255411;587222;2015;2015-05-12;2015-06-04;2015-07-02;2015-07-16;2015-07-31;2015-08-11;2015-08-28;Bern;Mittelland;2.505
484903531;575254;2015;2015-05-11;2015-06-04;2015-06-30;2015-07-14;2015-08-03;2015-08-12;2015-08-25;Jura;Mittelland;2.508
485680972;563246;2015;2015-05-11;2015-06-04;2015-06-30;2015-07-14;2015-08-03;2015-08-20;2015-08-27;Jura;Jura;2.504
485599738;605254;2015;2015-05-12;2015-06-05;2015-07-02;2015-07-15;2015-08-05;2015-08-21;2015-08-28;Basel-Landschaft;Jura;2.55
484212720;719270;2015;2015-05-12;2015-06-11;2015-07-10;2015-07-20;2015-07-31;2015-08-12;2015-08-26;Thurgau;Mittelland;2.505
484125660;737262;2015;2015-05-12;2015-06-11;2015-07-10;2015-07-20;2015-07-31;2015-08-12;2015-08-26;Thurgau;Mittelland;2.525
483085053;659270;2015;2015-05-12;2015-06-02;2015-06-29;2015-07-14;2015-07-29;2015-08-08;2015-08-27;Aargau;Mittelland;2.002
484157801;647262;2015;2015-05-12;2015-06-04;2015-07-01;2015-07-15;2015-08-03;2015-08-13;2015-08-28;Aargau;Jura;2.508
484386963;677262;2015;2015-05-13;2015-06-04;2015-06-30;2015-07-17;2015-08-03;2015-08-11;2015-08-27;Zürich;Mittelland;2.504
486887053;755254;2015;2015-05-12;2015-06-03;2015-06-26;2015-07-16;2015-07-31;2015-08-13;2015-08-23;Appenzell Ausserrhoden;Mittelland;2.528
488359956;743206;2015;2015-05-28;2015-06-11;2015-07-04;2015-07-17;2015-08-03;2015-08-21;2015-08-26;St. Gallen;Alpennordflanke;2.53
485161853;761198;2015;2015-05-11;2015-06-11;2015-07-09;2015-07-14;2015-08-05;2015-08-21;2015-08-26;Graubünden;Östliche Zentralalpen;2.532
485237096;755174;2015;2015-05-12;2015-06-05;2015-07-10;2015-07-15;2015-08-03;2015-08-22;2015-08-27;Graubünden;Östliche Zentralalpen;2.491
488441220;797182;2015;;2015-06-11;2015-06-28;2015-07-10;2015-07-26;2015-08-06;2015-08-29;Graubünden;Östliche Zentralalpen;2.376
373264823;779190;2015;;;2015-07-01;2015-07-14;2015-08-05;2015-08-07;;Graubünden;Östliche Zentralalpen;1.875
485596384;683286;2015;2015-05-10;2015-06-03;2015-06-28;2015-07-17;2015-08-02;2015-08-21;2015-08-28;Schaffhausen;Jura;2.506
484297982;701278;2015;2015-05-11;2015-06-03;2015-07-10;2015-07-21;2015-08-02;2015-08-21;2015-08-28;Zürich;Mittelland;2.502
487318112;707222;2015;2015-05-12;2015-06-04;2015-07-02;2015-07-15;2015-07-31;2015-08-13;2015-08-27;Schwyz;Alpennordflanke;2.506
488441751;701198;2015;2015-05-18;2015-06-05;2015-07-01;2015-07-14;2015-08-03;2015-08-12;2015-08-26;Uri;Alpennordflanke;2.502
484130648;653246;2015;2015-05-07;2015-06-19;2015-07-09;2015-07-16;2015-08-06;2015-08-22;2015-09-04;Aargau;Mittelland;2.519
485858054;623246;2015;2015-05-11;2015-06-17;2015-06-30;2015-07-15;2015-08-06;2015-08-22;2015-08-31;Basel-Landschaft;Jura;2.51
483519733;695254;2015;2015-05-07;2015-06-05;2015-07-01;2015-07-09;2015-07-24;2015-08-08;2015-08-21;Zürich;Mittelland;2.504
486712555;737182;2015;2015-05-11;2015-06-03;2015-06-25;2015-07-10;2015-07-31;2015-08-07;2015-08-22;Graubünden;Östliche Zentralalpen;2.474
486803182;749230;2015;2015-05-12;2015-06-04;2015-06-26;2015-07-11;2015-07-26;2015-08-06;2015-08-26;St. Gallen;Alpennordflanke;2.478
488971169;767142;2015;;2015-06-19;2015-06-30;2015-07-10;2015-07-31;2015-08-12;2015-08-21;Graubünden;Alpensüdflanke;2.466
488542766;773166;2015;;2015-06-24;2015-07-04;2015-07-11;2015-07-26;2015-08-06;2015-08-22;Graubünden;Östliche Zentralalpen;2.497
492599409;815174;2015;;;2015-07-05;2015-07-12;2015-07-23;2015-08-07;;Graubünden;Östliche Zentralalpen;1.625
484035792;581198;2015;2015-05-13;2015-06-04;2015-07-01;2015-07-14;2015-07-31;2015-08-12;2015-08-26;Fribourg;Mittelland;2.504
489745825;719150;2015;;2015-06-11;2015-07-06;2015-07-21;2015-08-06;2015-08-20;2015-09-02;Ticino;Alpensüdflanke;2.444
489740850;749150;2015;;2015-06-21;2015-07-09;2015-07-29;2015-08-03;2015-08-21;2015-09-01;Graubünden;Östliche Zentralalpen;2.517
483608646;533166;2015;2015-05-10;2015-06-11;2015-07-09;2015-07-16;2015-08-10;2015-08-20;2015-08-26;Vaud;Mittelland;2.501
484665746;551158;2015;2015-05-10;2015-06-11;2015-07-08;2015-07-16;2015-08-10;2015-08-20;2015-08-26;Vaud;Mittelland;2.5
486631413;737142;2015;2015-05-07;2015-06-05;2015-07-01;2015-07-15;2015-08-03;2015-08-12;2015-08-31;Graubünden;Alpensüdflanke;2.545
490175907;725134;2015;;2015-06-21;2015-07-10;2015-07-14;2015-08-03;2015-08-12;2015-08-28;Ticino;Alpensüdflanke;2.508
487486376;725214;2015;2015-05-17;2015-06-04;2015-07-01;2015-07-14;2015-08-03;2015-08-13;2015-08-27;Glarus;Alpennordflanke;2.49
486718660;731238;2015;2015-05-18;2015-06-03;2015-07-02;2015-07-15;2015-08-05;2015-08-11;2015-08-26;St. Gallen;Alpennordflanke;2.512
486632440;683206;2015;2015-05-11;2015-06-03;2015-06-30;2015-07-16;2015-08-03;2015-08-12;2015-08-27;Schwyz;Alpennordflanke;2.48
483003604;671238;2015;2015-05-12;2015-06-02;2015-06-28;2015-07-15;2015-07-31;2015-08-06;2015-08-22;Aargau;Mittelland;2.511
485253909;581118;2015;2015-05-07;2015-06-03;2015-07-02;2015-07-16;2015-08-03;2015-08-11;2015-09-08;Valais;Westliche Zentralalpen;2.518
487071937;569150;2015;2015-05-11;2015-06-17;2015-07-03;2015-07-20;2015-08-05;2015-08-21;2015-09-09;Fribourg;Alpennordflanke;2.483
488548537;599110;2015;2015-05-12;2015-06-04;2015-06-30;2015-07-15;2015-07-31;2015-08-12;2015-08-26;Valais;Westliche Zentralalpen;2.517
487158087;575094;2015;2015-05-13;2015-06-05;2015-07-01;2015-07-17;2015-07-28;2015-08-20;2015-09-07;Valais;Westliche Zentralalpen;2.453
487231455;623126;2016;2016-05-20;2016-06-22;2016-07-08;2016-07-20;2016-08-03;2016-08-16;2016-09-02;Valais;Westliche Zentralalpen;2.511
484737697;629230;2015;2015-05-13;2015-06-19;2015-07-07;2015-07-16;2015-08-03;2015-08-12;2015-08-30;Bern;Mittelland;2.506
484821777;605214;2015;2015-05-16;2015-06-17;2015-07-04;2015-07-16;2015-08-03;2015-08-12;2015-08-29;Bern;Mittelland;2.503
484731039;647222;2015;2015-05-06;2015-06-05;2015-07-01;2015-07-17;2015-07-30;2015-08-11;2015-08-26;Luzern;Mittelland;2.502
482917223;665214;2015;2015-05-06;2015-06-05;2015-07-02;2015-07-16;2015-07-31;2015-08-21;2015-08-31;Luzern;Mittelland;2.503
486201155;641198;2015;2015-05-07;2015-06-06;2015-07-02;2015-07-19;2015-07-31;2015-08-21;2015-08-31;Luzern;Alpennordflanke;2.509
485938415;611238;2015;2015-05-08;2015-06-03;2015-07-01;2015-07-17;2015-07-30;2015-08-11;2015-08-26;Solothurn;Jura;2.504
486545767;635174;2015;2015-05-11;2015-06-04;2015-06-30;2015-07-15;2015-07-28;2015-08-12;2015-08-28;Bern;Alpennordflanke;2.505
487070552;581238;2015;2015-05-07;2015-06-05;2015-07-02;2015-07-26;2015-08-02;2015-08-22;2015-08-31;Jura;Jura;2.525
373202264;593246;2015;2015-05-07;2015-06-05;2015-07-02;2015-07-27;2015-08-02;2015-08-22;2015-08-31;Jura;Jura;2.502
515147233;563126;2015;2015-05-07;2015-06-02;2015-07-04;2015-07-15;2015-08-08;2015-08-20;2015-08-28;Vaud;Alpennordflanke;2.377
488447537;497142;2015;2015-05-12;2015-06-05;2015-07-05;2015-07-20;2015-08-03;2015-08-11;2015-09-02;Vaud;Jura;2.568
491565996;641118;2015;;2015-06-17;2015-07-11;2015-07-26;2015-08-06;2015-08-26;2015-09-09;Valais;Westliche Zentralalpen;2.506
492679877;593086;2015;;;2015-07-03;2015-07-21;2015-08-05;2015-08-12;;Valais;Westliche Zentralalpen;0.875
491556901;605134;2015;;;2015-07-01;2015-07-19;2015-08-06;2015-08-08;;Valais;Westliche Zentralalpen;1.75
488367178;677182;2015;2015-05-10;2015-06-04;2015-06-29;2015-07-16;2015-08-05;2015-08-21;2015-08-26;Obwalden;Alpennordflanke;2.503
488529371;719190;2015;;2015-06-26;2015-07-04;2015-07-15;2015-08-03;2015-08-22;2015-08-27;Glarus;Alpennordflanke;2.485
487843683;713126;2015;2015-06-04;2015-06-19;2015-06-28;2015-07-20;2015-07-27;2015-08-12;2015-08-27;Ticino;Alpensüdflanke;2.366
489388359;701158;2015;;2015-06-21;2015-07-04;2015-07-15;2015-08-03;2015-08-20;2015-08-30;Ticino;Alpensüdflanke;2.515
485767441;551198;2016;2016-05-06;2016-06-20;2016-07-03;2016-07-09;2016-08-03;2016-08-16;2016-08-31;Neuchâtel;Jura;2.501
484640869;509150;2016;2016-05-10;2016-06-10;2016-07-04;2016-07-20;2016-08-02;2016-08-19;2016-09-01;Vaud;Jura;2.501
484646108;689230;2016;2016-05-05;2016-06-07;2016-06-29;2016-07-16;2016-07-26;2016-08-06;2016-08-26;Zürich;Mittelland;2.501
486644663;623206;2016;2016-05-05;2016-06-06;2016-07-08;2016-07-19;2016-08-01;2016-08-15;2016-08-31;Bern;Alpennordflanke;2.503
520414030;689150;2016;;2016-06-10;2016-07-06;2016-07-19;2016-08-03;2016-08-16;2016-09-02;Ticino;Alpensüdflanke;2.375
486645666;713246;2016;2016-05-07;2016-06-10;2016-06-28;2016-07-19;2016-08-04;2016-08-16;2016-08-26;Zürich;Alpennordflanke;2.5
554976881;731158;2017;;;2017-07-05;2017-07-17;2017-08-07;2017-08-22;;Graubünden;Östliche Zentralalpen;1.626
518774313;503158;2016;2016-05-20;2016-06-23;2016-07-08;2016-07-18;2016-08-03;2016-08-15;2016-09-02;Vaud;Jura;2.544
519472034;515166;2017;2017-05-16;2017-06-08;2017-07-05;2017-07-16;2017-07-29;2017-08-07;2017-08-22;Vaud;Jura;2.502
515141526;521150;2016;2016-05-10;2016-06-10;2016-07-04;2016-07-20;2016-08-02;2016-08-19;2016-09-01;Vaud;Mittelland;2.552
515834167;527174;2016;2016-05-07;2016-06-20;2016-07-01;2016-07-20;2016-08-04;2016-08-13;2016-08-26;Vaud;Jura;2.556
518857660;533198;2016;2016-05-25;2016-06-10;2016-07-10;2016-07-19;2016-08-03;2016-08-16;2016-08-26;Neuchâtel;Jura;2.512
516179982;545166;2016;2016-05-06;2016-06-06;2016-06-27;2016-07-17;2016-07-28;2016-08-12;2016-08-23;Vaud;Mittelland;2.533
518783644;545206;2016;2016-05-26;2016-06-10;2016-07-01;2016-07-19;2016-08-03;2016-08-22;2016-08-26;Neuchâtel;Jura;2.565
519550833;551110;2016;2016-05-27;2016-06-22;2016-07-08;2016-07-20;2016-07-29;2016-08-16;2016-09-03;Valais;Alpennordflanke;2.573
515141618;557134;2016;2016-05-10;2016-06-06;2016-07-06;2016-07-19;2016-07-29;2016-08-17;2016-08-26;Vaud;Alpennordflanke;2.5
519462608;557214;2016;2016-05-21;2016-06-10;2016-07-04;2016-07-18;2016-08-07;2016-08-14;2016-08-25;Neuchâtel;Jura;2.504
519885666;563158;2016;2016-05-26;2016-06-10;2016-07-04;2016-07-18;2016-08-03;2016-08-19;2016-08-28;Fribourg;Alpennordflanke;2.493
516087062;569102;2016;2016-04-29;2016-06-15;2016-07-07;2016-07-19;2016-07-28;2016-08-14;2016-09-11;Valais;Westliche Zentralalpen;2.523
516875928;569182;2016;2016-05-08;2016-06-07;2016-07-03;2016-07-21;2016-08-03;2016-08-15;2016-08-27;Fribourg;Mittelland;2.25
517664198;569222;2016;2016-05-21;2016-06-20;2016-07-04;2016-07-16;2016-08-07;2016-08-16;2016-08-26;Bern;Jura;2.551
519727238;575126;2016;2016-05-25;2016-06-10;2016-07-18;2016-07-26;2016-08-03;2016-08-19;2016-08-25;Vaud;Alpennordflanke;2.527
515231097;575206;2016;2016-05-06;2016-06-06;2016-07-01;2016-07-17;2016-08-03;2016-08-16;2016-09-02;Bern;Mittelland;2.535
517560599;575246;2016;2016-05-06;2016-06-22;2016-07-11;2016-07-20;2016-08-08;2016-08-15;2016-08-27;Jura;Jura;2.531
519902374;581150;2016;2016-05-22;2016-06-10;2016-06-28;2016-07-18;2016-07-30;2016-08-14;2016-08-25;Vaud;Alpennordflanke;2.544
517664835;581230;2016;2016-05-20;2016-06-10;2016-07-03;2016-07-16;2016-08-03;2016-08-15;2016-08-27;Bern;Jura;2.502
523096895;587094;2016;;;2016-07-07;2016-07-19;2016-08-07;2016-08-15;;Valais;Westliche Zentralalpen;1.488
519292359;587174;2016;2016-05-21;2016-06-22;2016-07-03;2016-07-10;2016-08-03;2016-08-14;2016-08-26;Fribourg;Alpennordflanke;2.529
515831672;593118;2016;2016-05-04;2016-05-27;2016-06-22;2016-07-04;2016-07-18;2016-08-08;2016-09-08;Valais;Westliche Zentralalpen;2.572
515167413;593198;2016;2016-05-06;2016-06-24;2016-07-01;2016-07-09;2016-08-01;2016-08-15;2016-08-24;Bern;Mittelland;2.487
517643369;593238;2016;2016-05-21;2016-06-09;2016-07-11;2016-07-16;2016-08-03;2016-08-22;2016-09-02;Bern;Jura;2.503
520424016;599142;2016;2016-05-26;2016-06-22;2016-07-04;2016-07-19;2016-07-29;2016-08-08;2016-08-24;Bern;Alpennordflanke;2.54
515767681;599222;2016;2016-05-06;2016-06-10;2016-07-08;2016-07-24;2016-08-03;2016-08-15;2016-09-02;Bern;Mittelland;2.545
518603100;605166;2016;2016-05-06;2016-06-10;2016-07-01;2016-07-16;2016-07-30;2016-08-12;2016-08-26;Bern;Alpennordflanke;2.508
516096497;605246;2016;2016-05-08;2016-06-10;2016-07-01;2016-07-17;2016-07-30;2016-08-13;2016-08-25;Jura;Jura;2.576
521541734;611110;2016;;2016-06-27;2016-07-06;2016-07-19;2016-08-07;2016-08-15;2016-08-23;Valais;Westliche Zentralalpen;2.468
515742686;611190;2016;2016-05-07;2016-06-06;2016-07-06;2016-07-16;2016-07-28;2016-08-12;2016-08-26;Bern;Mittelland;2.559
515493174;611270;2016;2016-05-06;2016-06-10;2016-07-07;2016-07-17;2016-08-03;2016-08-16;2016-09-02;Basel-Stadt;Mittelland;2.514
521367946;617134;2016;;2016-06-23;2016-07-04;2016-07-17;2016-08-03;2016-08-13;2016-08-27;Valais;Westliche Zentralalpen;2.556
517064475;617214;2016;2016-05-08;2016-06-20;2016-07-03;2016-07-17;2016-08-07;2016-08-16;2016-08-28;Bern;Mittelland;2.529
515575643;617254;2016;2016-05-18;2016-06-10;2016-07-01;2016-07-17;2016-08-01;2016-08-14;2016-08-31;Solothurn;Jura;2.512
518532770;623158;2017;2017-05-16;2017-06-11;2017-07-07;2017-07-16;2017-08-01;2017-08-15;2017-08-29;Bern;Alpennordflanke;2.707
514880446;623238;2016;2016-05-08;2016-06-20;2016-07-03;2016-07-17;2016-08-07;2016-08-16;2016-08-28;Solothurn;Mittelland;2.524
518090767;629182;2016;2016-05-21;2016-06-23;2016-07-07;2016-07-17;2016-07-29;2016-08-13;2016-08-27;Bern;Alpennordflanke;2.418
515486491;629262;2016;2016-05-05;2016-06-07;2016-07-04;2016-07-20;2016-08-04;2016-08-16;2016-09-02;Basel-Landschaft;Mittelland;2.523
517472347;635126;2016;2016-05-06;2016-06-07;2016-07-11;2016-07-20;2016-07-28;2016-08-22;2016-09-06;Valais;Westliche Zentralalpen;2.426
518857624;635206;2016;2016-05-18;2016-06-22;2016-07-07;2016-07-18;2016-07-29;2016-08-15;2016-08-27;Luzern;Alpennordflanke;2.555
516263398;635246;2016;2016-05-05;2016-06-06;2016-07-04;2016-07-20;2016-07-28;2016-08-11;2016-08-25;Solothurn;Jura;2.578
517047816;641230;2016;2016-05-07;2016-06-06;2016-07-01;2016-07-16;2016-07-28;2016-08-11;2016-08-25;Luzern;Mittelland;2.529
518899255;647174;2016;2016-05-20;2016-06-10;2016-07-04;2016-07-09;2016-07-29;2016-08-07;2016-08-22;Bern;Alpennordflanke;2.588
516954052;647254;2016;2016-05-10;2016-06-06;2016-06-28;2016-07-20;2016-07-29;2016-08-14;2016-08-27;Aargau;Jura;2.556
520234883;653118;2017;2017-05-22;2017-06-08;2017-07-05;2017-07-16;2017-08-02;2017-08-16;2017-08-28;Valais;Alpensüdflanke;2.527
519726192;653198;2016;2016-05-21;2016-06-20;2016-06-28;2016-07-10;2016-07-30;2016-08-08;2016-08-23;Luzern;Alpennordflanke;2.424
519897878;659142;2016;2016-05-20;2016-06-20;2016-07-05;2016-07-20;2016-08-06;2016-08-12;2016-08-25;Valais;Westliche Zentralalpen;2.22
516183452;659222;2016;2016-05-10;2016-06-06;2016-07-07;2016-07-17;2016-07-29;2016-08-14;2016-08-26;Luzern;Mittelland;2.509
520339863;665166;2016;2016-05-27;2016-06-10;2016-07-01;2016-07-18;2016-07-30;2016-08-14;2016-08-28;Bern;Alpennordflanke;2.549
514971556;665246;2016;2016-05-09;2016-06-06;2016-06-28;2016-07-18;2016-07-28;2016-08-14;2016-09-02;Aargau;Mittelland;2.46
517036232;671190;2016;2016-05-18;2016-06-10;2016-06-28;2016-07-10;2016-07-29;2016-08-15;2016-08-26;Obwalden;Alpennordflanke;2.5
517563770;677214;2016;2016-05-06;2016-06-06;2016-07-01;2016-07-17;2016-07-28;2016-08-13;2016-08-25;Schwyz;Alpennordflanke;2.478
520358280;683158;2016;;;2016-07-07;2016-07-19;2016-08-08;2016-08-24;;Ticino;Alpensüdflanke;2.281
515923748;683238;2016;2016-05-05;2016-06-06;2016-06-27;2016-07-11;2016-07-25;2016-08-06;2016-08-24;Zürich;Mittelland;2.528
518512627;689142;2016;2016-05-16;2016-06-10;2016-07-01;2016-07-25;2016-08-08;2016-08-23;2016-09-06;Ticino;Alpensüdflanke;2.5
520404437;689182;2016;2016-05-22;2016-06-22;2016-07-07;2016-07-18;2016-08-03;2016-08-08;2016-08-22;Uri;Alpennordflanke;2.601
516877292;689262;2016;2016-05-18;2016-06-07;2016-07-07;2016-07-19;2016-07-30;2016-08-17;2016-08-26;Zürich;Mittelland;2.469
515751347;695126;2016;2016-05-05;2016-06-09;2016-06-28;2016-07-09;2016-07-28;2016-08-07;2016-09-06;Ticino;Alpensüdflanke;2.489
517128286;695206;2016;2016-05-21;2016-06-06;2016-07-04;2016-07-18;2016-07-30;2016-08-16;2016-08-30;Schwyz;Alpennordflanke;2.585
515746122;695286;2017;2017-05-10;2017-06-13;2017-07-08;2017-07-17;2017-08-07;2017-08-14;2017-09-08;Schaffhausen;Mittelland;2.501
518261154;701150;2016;2016-05-17;2016-06-17;2016-07-03;2016-07-26;2016-08-03;2016-08-13;2016-08-26;Ticino;Alpensüdflanke;2.521
515146952;707094;2016;2016-04-28;2016-05-24;2016-06-20;2016-07-06;2016-07-25;2016-08-08;2016-09-06;Ticino;Alpensüdflanke;2.506
519979788;707134;2017;;2017-06-22;2017-07-12;2017-07-26;2017-08-03;2017-08-21;2017-09-02;Ticino;Alpensüdflanke;2.375
519897067;707174;2016;2016-05-21;2016-06-23;2016-07-04;2016-07-18;2016-07-30;2016-08-14;2016-08-24;Graubünden;Östliche Zentralalpen;2.543
518611002;707254;2016;2016-05-08;2016-06-07;2016-07-06;2016-07-20;2016-08-04;2016-08-22;2016-09-02;Zürich;Mittelland;2.491
518860113;713118;2016;2016-05-20;2016-06-10;2016-07-03;2016-07-17;2016-08-03;2016-08-12;2016-09-02;Ticino;Alpensüdflanke;2.43
519728509;713158;2016;2016-05-21;2016-06-23;2016-07-03;2016-07-16;2016-08-02;2016-08-13;2016-08-26;Ticino;Alpensüdflanke;2.478
525165387;713198;2016;;;2016-07-07;2016-07-19;2016-08-08;2016-08-24;;Schwyz;Alpennordflanke;1.265
515832016;713278;2016;2016-05-08;2016-06-22;2016-07-04;2016-07-19;2016-07-30;2016-08-08;2016-08-23;Thurgau;Mittelland;2.508
515580411;719102;2016;2016-05-06;2016-06-07;2016-06-29;2016-07-16;2016-07-24;2016-08-08;2016-09-01;Ticino;Alpensüdflanke;2.525
518860302;719142;2016;2016-05-20;2016-06-10;2016-07-09;2016-07-20;2016-08-10;2016-08-22;2016-09-05;Ticino;Alpensüdflanke;2.551
515749787;719222;2016;2016-05-06;2016-06-22;2016-07-08;2016-07-18;2016-07-29;2016-08-15;2016-08-31;Glarus;Alpennordflanke;2.562
517480915;725086;2016;2016-05-03;2016-06-07;2016-07-01;2016-07-16;2016-08-01;2016-08-11;2016-09-02;Ticino;Alpensüdflanke;2.532
520334344;725126;2016;;2016-06-20;2016-07-10;2016-07-26;2016-08-04;2016-08-24;2016-09-01;Graubünden;Alpensüdflanke;2.575
519974068;725166;2016;2016-05-25;2016-06-10;2016-06-28;2016-07-09;2016-07-28;2016-08-13;2016-08-22;Graubünden;Östliche Zentralalpen;2.5
516186461;725246;2017;2017-05-16;2017-06-07;2017-07-03;2017-07-18;2017-08-09;2017-08-22;2017-08-28;St. Gallen;Alpennordflanke;2.505
521892284;731190;2016;;2016-06-24;2016-07-04;2016-07-17;2016-08-04;2016-08-14;2016-08-24;Graubünden;Östliche Zentralalpen;2.607
515827188;731270;2016;2016-05-08;2016-06-22;2016-07-04;2016-07-19;2016-07-30;2016-08-08;2016-08-23;Thurgau;Mittelland;2.512
515828556;737134;2016;2016-05-17;2016-06-22;2016-07-07;2016-07-25;2016-08-08;2016-08-17;2016-09-03;Graubünden;Alpensüdflanke;2.561
521970108;737214;2017;;2017-06-11;2017-07-05;2017-07-17;2017-08-03;2017-08-15;2017-08-25;St. Gallen;Alpennordflanke;2.565
520152401;743158;2016;2016-05-21;2016-06-10;2016-07-06;2016-07-17;2016-07-29;2016-08-13;2016-08-25;Graubünden;Östliche Zentralalpen;2.503
520411343;743238;2016;2016-05-21;2016-06-23;2016-07-04;2016-07-17;2016-07-30;2016-08-14;2016-08-25;Appenzell Innerrhoden;Alpennordflanke;2.581
518540228;749182;2016;2016-05-05;2016-06-22;2016-07-01;2016-07-10;2016-07-24;2016-08-15;2016-08-21;Graubünden;Östliche Zentralalpen;2.532
516285064;749262;2016;2016-05-18;2016-06-06;2016-07-01;2016-07-16;2016-07-28;2016-08-11;2016-08-26;St. Gallen;Mittelland;2.573
518086772;755206;2016;2016-05-05;2016-06-22;2016-07-07;2016-07-17;2016-07-29;2016-08-13;2016-08-26;St. Gallen;Östliche Zentralalpen;2.501
524734645;761150;2016;;;2016-07-03;2016-07-17;2016-07-30;2016-08-14;;Graubünden;Östliche Zentralalpen;1.75
518336015;767134;2016;2016-05-07;2016-06-10;2016-06-27;2016-07-16;2016-07-29;2016-08-13;2016-08-23;Graubünden;Alpensüdflanke;2.373
520416821;767174;2016;2016-05-26;2016-06-22;2016-07-08;2016-07-19;2016-07-29;2016-08-13;2016-08-25;Graubünden;Östliche Zentralalpen;2.549
517728628;773198;2016;2016-05-18;2016-06-15;2016-06-28;2016-07-16;2016-08-03;2016-08-14;2016-08-27;Graubünden;Östliche Zentralalpen;2.524
520429584;779142;2016;2016-05-21;2016-06-10;2016-07-04;2016-07-17;2016-07-29;2016-08-13;2016-08-25;Graubünden;Östliche Zentralalpen;2.443
523974197;785166;2016;;;2016-07-18;2016-07-20;2016-08-04;2016-08-15;;Graubünden;Östliche Zentralalpen;1.948
521703440;791190;2017;;2017-06-13;2017-07-06;2017-07-16;2017-08-04;2017-08-15;2017-09-08;Graubünden;Östliche Zentralalpen;2.5
520497648;797134;2016;;2016-06-15;2016-07-09;2016-07-17;2016-08-08;2016-08-22;2016-09-02;Graubünden;Alpensüdflanke;2.475
520333293;809182;2016;2016-05-15;2016-06-20;2016-06-28;2016-07-20;2016-07-30;2016-08-14;2016-08-24;Graubünden;Östliche Zentralalpen;2.533
550577600;503150;2017;2017-05-16;2017-06-08;2017-07-04;2017-07-16;2017-08-04;2017-08-14;2017-08-25;Vaud;Jura;2.536
549777676;515158;2017;2017-05-15;2017-06-02;2017-07-04;2017-07-15;2017-07-29;2017-08-13;2017-08-29;Vaud;Jura;2.499
551596804;533190;2017;2017-05-16;2017-06-13;2017-07-04;2017-07-18;2017-08-02;2017-08-14;2017-08-26;Vaud;Jura;2.468
547194083;539174;2017;2017-05-10;2017-06-15;2017-07-05;2017-07-18;2017-08-03;2017-08-16;2017-08-25;Vaud;Mittelland;2.504
547290792;557166;2017;2017-05-05;2017-06-02;2017-07-07;2017-07-19;2017-07-30;2017-08-13;2017-08-21;Fribourg;Mittelland;2.505
547726410;557206;2017;2017-05-10;2017-06-11;2017-07-08;2017-07-19;2017-07-31;2017-08-14;2017-08-25;Neuchâtel;Jura;2.517
553155279;563110;2017;;2017-06-11;2017-07-06;2017-07-17;2017-08-02;2017-08-13;2017-08-29;Valais;Westliche Zentralalpen;1.388
546249483;563190;2017;2017-04-29;2017-06-03;2017-07-03;2017-07-15;2017-07-28;2017-08-13;2017-08-26;Vaud;Mittelland;2.508
549799990;563230;2017;2017-05-10;2017-06-10;2017-07-05;2017-07-16;2017-08-01;2017-08-14;2017-08-28;Jura;Jura;2.544
549529664;569134;2017;2017-05-17;2017-06-10;2017-07-05;2017-07-16;2017-08-02;2017-08-14;2017-08-30;Vaud;Alpennordflanke;2.447
548316446;569214;2017;2017-05-16;2017-06-11;2017-07-08;2017-07-19;2017-08-01;2017-08-14;2017-08-25;Neuchâtel;Jura;2.507
548232360;569254;2017;2017-05-05;2017-06-08;2017-07-04;2017-07-15;2017-08-06;2017-08-14;2017-08-29;Jura;Jura;2.507
549095815;575158;2017;2017-05-16;2017-06-11;2017-07-06;2017-07-17;2017-08-03;2017-08-15;2017-08-26;Fribourg;Alpennordflanke;2.508
549896257;575238;2017;2017-05-16;2017-06-08;2017-07-04;2017-07-15;2017-08-07;2017-08-15;2017-08-25;Jura;Jura;2.533
549696015;581102;2017;2017-05-10;2017-06-07;2017-07-04;2017-07-17;2017-08-05;2017-08-15;2017-09-05;Valais;Westliche Zentralalpen;2.567
548154460;581182;2017;2017-04-30;2017-06-02;2017-06-30;2017-07-13;2017-07-30;2017-08-15;2017-08-25;Fribourg;Mittelland;2.598
548761744;581222;2017;2017-04-30;2017-06-02;2017-07-03;2017-07-15;2017-07-29;2017-08-15;2017-08-30;Bern;Jura;2.569
553253603;587126;2017;;2017-06-13;2017-07-13;2017-07-19;2017-08-04;2017-08-14;2017-08-29;Valais;Westliche Zentralalpen;2.473
547643311;587206;2017;2017-05-05;2017-06-12;2017-07-13;2017-07-21;2017-08-01;2017-08-15;2017-08-29;Bern;Mittelland;2.542
548152267;587246;2017;2017-05-05;2017-06-08;2017-07-06;2017-07-16;2017-08-07;2017-08-22;2017-08-30;Jura;Jura;2.546
553079042;593150;2017;;2017-06-11;2017-07-06;2017-07-17;2017-08-01;2017-08-15;2017-08-23;Bern;Alpennordflanke;2.534
551867927;593230;2017;2017-05-16;2017-06-11;2017-07-05;2017-07-16;2017-07-30;2017-08-13;2017-08-26;Bern;Jura;2.495
550142270;599174;2017;2017-05-17;2017-06-11;2017-07-05;2017-07-16;2017-07-29;2017-08-14;2017-08-23;Bern;Alpennordflanke;2.576
550062619;599254;2017;2017-05-15;2017-06-11;2017-07-05;2017-07-16;2017-08-07;2017-08-18;2017-08-30;Solothurn;Jura;2.497
550998121;605118;2017;2017-05-23;2017-06-20;2017-07-08;2017-07-28;2017-08-03;2017-08-22;2017-08-29;Valais;Westliche Zentralalpen;2.526
547825282;605198;2017;2017-05-05;2017-06-11;2017-07-05;2017-07-17;2017-07-30;2017-08-22;2017-08-29;Bern;Mittelland;2.508
549462738;605238;2017;2017-05-17;2017-06-08;2017-07-07;2017-07-29;2017-08-03;2017-08-22;2017-08-29;Bern;Jura;2.625
553852791;611142;2017;;;2017-07-05;2017-07-17;2017-08-04;2017-08-15;;Bern;Alpennordflanke;1.782
547721043;611222;2017;2017-04-24;2017-06-02;2017-06-30;2017-07-15;2017-08-04;2017-08-16;2017-08-29;Solothurn;Mittelland;2.506
548835394;617246;2017;2017-05-16;2017-06-11;2017-07-06;2017-07-21;2017-08-02;2017-08-18;2017-08-29;Solothurn;Jura;2.538
547974730;623190;2017;2017-05-05;2017-06-03;2017-07-04;2017-07-17;2017-07-29;2017-08-13;2017-08-30;Bern;Alpennordflanke;2.491
549107166;629214;2017;2017-04-24;2017-06-03;2017-06-30;2017-07-19;2017-07-31;2017-08-16;2017-08-29;Bern;Mittelland;2.5
548231433;629254;2017;2017-05-05;2017-06-14;2017-07-05;2017-07-29;2017-08-02;2017-08-13;2017-08-30;Basel-Landschaft;Jura;2.494
550043165;635158;2017;2017-05-05;2017-06-08;2017-07-04;2017-07-18;2017-08-02;2017-08-14;2017-08-25;Bern;Alpennordflanke;2.528
548846666;635238;2017;2017-05-10;2017-06-08;2017-07-05;2017-07-18;2017-08-07;2017-08-17;2017-08-28;Aargau;Mittelland;2.515
553070962;641102;2017;;2017-06-10;2017-07-03;2017-07-14;2017-08-04;2017-08-13;2017-08-21;Valais;Westliche Zentralalpen;2.51
550224976;641182;2017;2017-05-16;2017-05-29;2017-06-26;2017-07-16;2017-08-05;2017-08-15;2017-08-25;Luzern;Alpennordflanke;2.588
547630840;641262;2017;2017-05-05;2017-06-02;2017-07-04;2017-07-19;2017-08-01;2017-08-14;2017-08-26;Aargau;Jura;2.538
551432987;647126;2017;2017-05-16;2017-06-13;2017-07-04;2017-07-22;2017-08-02;2017-08-21;2017-08-25;Valais;Westliche Zentralalpen;2.572
548327166;647206;2017;2017-05-05;2017-05-28;2017-06-26;2017-07-16;2017-07-29;2017-08-07;2017-08-25;Luzern;Alpennordflanke;2.584
547290240;653230;2017;2017-05-10;2017-06-08;2017-07-05;2017-07-16;2017-08-07;2017-08-17;2017-08-28;Luzern;Mittelland;2.451
547804040;659174;2017;2017-05-05;2017-06-11;2017-07-07;2017-07-19;2017-07-30;2017-08-12;2017-08-20;Bern;Alpennordflanke;2.528
547031565;659254;2017;2017-04-30;2017-05-31;2017-06-27;2017-07-18;2017-08-01;2017-08-14;2017-08-23;Aargau;Mittelland;2.498
546080046;665198;2017;2017-04-30;2017-05-28;2017-07-05;2017-07-18;2017-07-30;2017-08-14;2017-08-23;Nidwalden;Alpennordflanke;2.474
548325052;671222;2017;2017-04-24;2017-05-29;2017-07-04;2017-07-17;2017-07-30;2017-08-15;2017-08-29;Aargau;Mittelland;2.505
550398504;677126;2017;2017-05-21;2017-06-12;2017-07-02;2017-07-16;2017-08-04;2017-08-20;2017-09-03;Ticino;Alpensüdflanke;2.59
547801745;677246;2017;2017-05-05;2017-06-03;2017-06-30;2017-07-19;2017-08-02;2017-08-15;2017-08-24;Zürich;Mittelland;2.5
551872528;683150;2017;2017-05-15;2017-06-13;2017-07-08;2017-07-27;2017-08-03;2017-08-15;2017-09-05;Ticino;Alpensüdflanke;2.489
556190218;683190;2017;;;2017-07-06;2017-07-22;2017-07-31;2017-08-24;;Uri;Alpennordflanke;1.253
547975329;683270;2017;2017-05-10;2017-06-11;2017-07-07;2017-07-21;2017-08-03;2017-08-14;2017-08-22;Schaffhausen;Mittelland;2.506
548920270;689134;2017;2017-05-15;2017-06-19;2017-07-13;2017-07-25;2017-08-10;2017-08-23;2017-09-04;Ticino;Alpensüdflanke;2.284
549354444;689214;2017;2017-05-05;2017-06-08;2017-07-08;2017-07-17;2017-07-29;2017-08-22;2017-08-29;Schwyz;Alpennordflanke;2.494
548403975;695118;2017;2017-05-09;2017-06-07;2017-06-26;2017-07-14;2017-08-02;2017-08-13;2017-09-21;Ticino;Alpensüdflanke;2.515
553166747;695158;2017;;2017-06-18;2017-07-05;2017-07-19;2017-08-07;2017-08-21;2017-08-30;Ticino;Alpensüdflanke;2.486
546416478;695238;2017;2017-04-24;2017-05-31;2017-06-30;2017-07-19;2017-08-02;2017-08-13;2017-08-26;Zürich;Mittelland;2.506
556095946;701142;2017;;;2017-07-11;2017-07-27;2017-08-04;2017-08-20;;Ticino;Alpensüdflanke;1.414
552126626;701182;2017;2017-05-17;2017-06-11;2017-07-04;2017-07-17;2017-08-01;2017-08-07;2017-08-22;Uri;Alpennordflanke;2.52
547895847;701262;2017;2017-05-10;2017-06-10;2017-07-08;2017-07-17;2017-08-07;2017-08-14;2017-09-08;Zürich;Mittelland;2.496
552637497;707206;2017;;2017-06-12;2017-07-04;2017-07-18;2017-08-02;2017-08-17;2017-08-23;Schwyz;Alpennordflanke;1.287
547633413;713110;2017;2017-05-09;2017-05-22;2017-06-16;2017-07-04;2017-07-17;2017-08-07;2017-09-07;Ticino;Alpensüdflanke;2.527
549531090;713150;2017;2017-05-16;2017-06-08;2017-07-04;2017-07-19;2017-08-02;2017-08-15;2017-08-25;Ticino;Alpensüdflanke;2.497
549357559;719134;2017;2017-05-21;2017-06-02;2017-07-03;2017-07-16;2017-07-28;2017-08-13;2017-08-29;Ticino;Alpensüdflanke;2.499
552717637;719174;2017;;2017-06-11;2017-07-08;2017-07-17;2017-08-01;2017-08-07;2017-08-23;Graubünden;Östliche Zentralalpen;2.481
550234934;719254;2017;2017-05-10;2017-06-08;2017-07-04;2017-07-18;2017-08-07;2017-08-14;2017-08-29;St. Gallen;Mittelland;2.572
548838969;725118;2017;2017-05-05;2017-06-10;2017-07-05;2017-07-16;2017-08-13;2017-08-15;2017-09-13;Ticino;Alpensüdflanke;2.514
554021307;725198;2017;;;2017-07-05;2017-07-17;2017-08-02;2017-08-15;;Glarus;Alpennordflanke;2.251
547031739;725278;2017;2017-05-05;2017-06-08;2017-06-30;2017-07-16;2017-07-29;2017-08-14;2017-08-25;Thurgau;Mittelland;2.525
550398318;731222;2017;2017-05-10;2017-06-15;2017-07-07;2017-07-22;2017-07-29;2017-08-14;2017-08-24;St. Gallen;Alpennordflanke;2.516
552635117;737166;2017;;2017-06-03;2017-07-08;2017-07-19;2017-08-05;2017-08-15;2017-08-26;Graubünden;Östliche Zentralalpen;2.38
550139460;737246;2017;2017-05-10;2017-06-03;2017-07-04;2017-07-19;2017-07-29;2017-08-14;2017-08-29;Appenzell Ausserrhoden;Alpennordflanke;2.427
549800199;743190;2017;2017-05-17;2017-06-03;2017-07-05;2017-07-16;2017-07-31;2017-08-15;2017-08-22;Graubünden;Östliche Zentralalpen;2.483
547113420;743270;2017;2017-05-15;2017-06-03;2017-07-05;2017-07-22;2017-08-02;2017-08-24;2017-08-30;Thurgau;Mittelland;2.498
548501460;749214;2017;2017-05-16;2017-06-08;2017-07-05;2017-07-19;2017-07-30;2017-08-14;2017-08-29;St. Gallen;Alpennordflanke;2.494
552389608;755158;2017;;2017-06-11;2017-07-13;2017-07-31;2017-08-04;2017-08-23;2017-08-30;Graubünden;Östliche Zentralalpen;2.487
550220813;755238;2017;2017-05-17;2017-06-08;2017-07-03;2017-07-18;2017-08-07;2017-08-21;2017-08-28;St. Gallen;Alpennordflanke;2.508
549038535;761182;2017;2017-05-16;2017-06-08;2017-07-05;2017-07-16;2017-07-30;2017-08-07;2017-08-22;Graubünden;Östliche Zentralalpen;2.502
548151459;767206;2017;2017-05-10;2017-06-07;2017-06-26;2017-07-16;2017-07-31;2017-08-13;2017-08-26;Graubünden;Östliche Zentralalpen;2.507
555934607;773150;2017;;;2017-07-04;2017-07-17;2017-07-28;2017-08-13;;Graubünden;Östliche Zentralalpen;1.75
552320019;779174;2017;;2017-06-03;2017-06-26;2017-07-16;2017-07-31;2017-08-13;2017-08-25;Graubünden;Östliche Zentralalpen;2.55
552395834;785198;2017;;2017-06-21;2017-07-05;2017-07-17;2017-08-03;2017-08-14;2017-08-23;Graubünden;Östliche Zentralalpen;2.501
551259436;797166;2017;2017-05-15;2017-06-06;2017-07-04;2017-07-15;2017-08-01;2017-08-15;2017-08-25;Graubünden;Östliche Zentralalpen;2.505
582270355;545198;2018;;2018-06-20;2018-07-02;2018-07-18;2018-07-30;2018-08-11;2018-09-08;Neuchâtel;Jura;2.51
577960518;497118;2018;2018-05-05;2018-06-02;2018-07-03;2018-07-16;2018-07-29;2018-08-10;2018-09-02;Genève;Mittelland;2.464
580307249;503142;2018;2018-05-11;2018-06-09;2018-07-02;2018-07-17;2018-07-30;2018-08-11;2018-08-26;Vaud;Jura;2.511
582102324;509166;2018;2018-05-25;2018-06-10;2018-06-30;2018-07-11;2018-07-29;2018-08-11;2018-08-26;Vaud;Jura;2.514
580197004;521174;2018;2018-05-07;2018-06-14;2018-07-04;2018-07-15;2018-07-31;2018-08-15;2018-08-28;Vaud;Jura;2.505
579860382;527158;2018;2018-05-06;2018-06-10;2018-06-30;2018-07-14;2018-07-30;2018-08-12;2018-08-28;Vaud;Mittelland;2.503
581925713;527198;2018;2018-05-25;2018-06-19;2018-07-01;2018-07-13;2018-07-30;2018-08-11;2018-08-28;Neuchâtel;Jura;2.503
580111507;533182;2018;2018-05-18;2018-06-14;2018-07-09;2018-07-16;2018-08-02;2018-08-20;2018-09-05;Vaud;Mittelland;2.501
579599738;545150;2018;2018-05-11;2018-06-05;2018-07-07;2018-07-23;2018-08-04;2018-08-18;2018-09-05;Vaud;Mittelland;2.512
579947335;545190;2018;2018-05-08;2018-06-10;2018-07-09;2018-07-19;2018-08-06;2018-08-16;2018-09-04;Vaud;Jura;2.506
579514620;551174;2018;2018-05-07;2018-06-02;2018-07-07;2018-07-23;2018-08-02;2018-08-20;2018-09-05;Vaud;Mittelland;2.436
581840340;551214;2018;2018-05-11;2018-06-05;2018-06-30;2018-07-24;2018-07-31;2018-08-16;2018-08-28;Neuchâtel;Jura;2.497
581587233;557118;2018;2018-05-19;2018-06-03;2018-07-01;2018-07-19;2018-07-31;2018-08-12;2018-09-05;Valais;Alpennordflanke;2.503
580981659;563142;2018;2018-05-24;2018-06-20;2018-07-08;2018-07-18;2018-07-31;2018-08-12;2018-08-21;Vaud;Alpennordflanke;2.52
582363052;563222;2018;2018-05-11;2018-06-15;2018-06-30;2018-07-24;2018-07-31;2018-08-16;2018-08-28;Bern;Jura;2.505
580980858;569166;2018;2018-05-12;2018-06-02;2018-07-04;2018-07-17;2018-08-01;2018-08-19;2018-08-27;Fribourg;Alpennordflanke;2.503
579700109;569246;2018;2018-05-08;2018-06-20;2018-06-30;2018-07-16;2018-07-30;2018-08-15;2018-08-28;Jura;Jura;2.513
578395237;575110;2018;2018-04-24;2018-06-05;2018-06-25;2018-07-08;2018-07-31;2018-08-12;2018-09-10;Valais;Westliche Zentralalpen;2.503
578392994;575190;2018;2018-05-06;2018-06-09;2018-07-01;2018-07-13;2018-07-31;2018-08-15;2018-09-05;Fribourg;Mittelland;2.505
580461045;575230;2018;2018-05-07;2018-06-03;2018-07-02;2018-07-14;2018-07-29;2018-08-11;2018-09-04;Bern;Jura;2.494
583663549;581134;2018;;2018-06-09;2018-07-02;2018-07-18;2018-08-03;2018-08-12;2018-08-28;Vaud;Alpennordflanke;2.504
583741351;587158;2018;;2018-06-20;2018-07-09;2018-07-26;2018-07-30;2018-08-12;2018-08-28;Bern;Alpennordflanke;2.511
580218447;587238;2018;2018-05-18;2018-06-20;2018-06-30;2018-07-17;2018-07-29;2018-08-16;2018-09-05;Jura;Jura;2.505
579270887;593182;2018;2018-05-11;2018-06-02;2018-06-29;2018-07-12;2018-07-30;2018-08-12;2018-09-04;Bern;Mittelland;2.501
580030873;599126;2018;2018-05-08;2018-06-09;2018-07-01;2018-07-19;2018-07-31;2018-08-15;2018-09-05;Valais;Westliche Zentralalpen;2.575
579092123;599206;2018;2018-05-07;2018-06-02;2018-07-02;2018-07-14;2018-07-29;2018-08-11;2018-08-27;Bern;Mittelland;2.502
580027756;599246;2018;2018-05-08;2018-06-10;2018-07-08;2018-07-24;2018-08-06;2018-08-19;2018-09-05;Jura;Jura;2.502
584700398;605150;2018;;2018-06-16;2018-06-30;2018-07-18;2018-08-03;2018-08-12;2018-08-21;Bern;Alpennordflanke;2.289
579003675;605230;2018;2018-05-07;2018-06-03;2018-07-02;2018-07-14;2018-07-30;2018-08-16;2018-08-28;Solothurn;Jura;2.504
579347525;611174;2018;2018-05-05;2018-06-03;2018-07-01;2018-07-14;2018-08-01;2018-08-11;2018-08-26;Bern;Mittelland;2.503
578655095;611254;2018;2018-05-07;2018-06-14;2018-07-02;2018-07-18;2018-07-31;2018-08-20;2018-09-04;Basel-Landschaft;Jura;2.504
587736585;617118;2018;;;2018-07-11;2018-07-19;2018-08-03;2018-08-22;;Valais;Westliche Zentralalpen;2.182
579778621;617198;2018;2018-05-06;2018-06-02;2018-07-09;2018-07-15;2018-07-31;2018-08-15;2018-08-27;Bern;Mittelland;2.494
580390317;617238;2018;2018-05-07;2018-06-03;2018-07-02;2018-07-14;2018-07-30;2018-08-16;2018-08-28;Solothurn;Jura;2.509
578994173;623222;2018;2018-05-08;2018-06-04;2018-07-09;2018-07-15;2018-07-31;2018-08-15;2018-09-05;Bern;Mittelland;2.508
578742572;623262;2018;2018-05-18;2018-06-16;2018-07-01;2018-07-19;2018-07-31;2018-08-15;2018-09-04;Basel-Landschaft;Jura;2.501
581499670;629166;2018;2018-05-21;2018-06-10;2018-06-30;2018-07-18;2018-08-03;2018-08-12;2018-08-28;Bern;Alpennordflanke;2.502
580894395;629246;2018;2018-05-18;2018-06-20;2018-07-01;2018-07-16;2018-07-31;2018-08-15;2018-09-05;Basel-Landschaft;Jura;2.495
588246859;635110;2018;;;2018-07-01;2018-07-10;2018-07-27;2018-08-06;;Valais;Westliche Zentralalpen;0.877
579790035;635190;2018;2018-05-06;2018-06-02;2018-06-26;2018-07-09;2018-07-25;2018-08-09;2018-08-20;Luzern;Alpennordflanke;2.502
580057362;641134;2018;2018-05-18;2018-06-10;2018-07-08;2018-07-24;2018-08-05;2018-08-20;2018-09-09;Valais;Westliche Zentralalpen;2.489
580576259;641214;2018;2018-05-07;2018-06-01;2018-06-28;2018-07-11;2018-07-26;2018-08-06;2018-08-22;Luzern;Mittelland;2.546
581062772;641254;2018;2018-05-09;2018-05-30;2018-06-30;2018-07-13;2018-07-30;2018-08-11;2018-08-28;Aargau;Jura;2.504
578485989;647238;2018;2018-05-08;2018-06-03;2018-06-30;2018-07-19;2018-07-31;2018-08-20;2018-08-29;Aargau;Mittelland;2.504
580552177;653182;2018;2018-05-12;2018-06-03;2018-06-27;2018-07-12;2018-07-24;2018-08-11;2018-09-04;Obwalden;Alpennordflanke;2.507
579082324;653262;2018;2018-05-07;2018-05-30;2018-07-01;2018-07-25;2018-08-03;2018-08-22;2018-09-04;Aargau;Mittelland;2.504
580203948;659206;2018;2018-05-06;2018-06-10;2018-07-02;2018-07-13;2018-07-30;2018-08-08;2018-08-28;Luzern;Alpennordflanke;2.505
579087055;659246;2018;2018-05-08;2018-06-19;2018-07-12;2018-07-27;2018-08-07;2018-08-20;2018-09-05;Aargau;Mittelland;2.498
581665213;665150;2018;2018-05-25;2018-06-10;2018-07-02;2018-07-18;2018-08-02;2018-08-21;2018-09-04;Valais;Westliche Zentralalpen;2.486
580288522;665230;2018;2018-05-08;2018-06-16;2018-06-30;2018-07-18;2018-07-29;2018-08-12;2018-08-28;Luzern;Mittelland;2.504
587485282;671174;2018;;;2018-06-30;2018-07-12;2018-07-24;2018-08-07;;Bern;Alpennordflanke;1.388
578830372;671254;2018;2018-05-07;2018-06-15;2018-07-01;2018-07-19;2018-07-29;2018-08-16;2018-08-29;Zürich;Mittelland;2.504
582278753;677198;2018;2018-05-12;2018-06-16;2018-07-01;2018-07-19;2018-07-30;2018-08-12;2018-08-28;Nidwalden;Alpennordflanke;2.512
579254764;677278;2018;2018-05-06;2018-06-03;2018-06-30;2018-07-16;2018-07-29;2018-08-11;2018-09-05;Schaffhausen;Mittelland;2.504
583665132;683142;2018;2018-05-25;2018-06-19;2018-07-08;2018-07-19;2018-08-04;2018-08-18;2018-09-04;Ticino;Alpensüdflanke;2.403
579169620;683222;2018;2018-05-08;2018-06-19;2018-07-02;2018-07-24;2018-08-03;2018-08-21;2018-09-04;Zug;Mittelland;2.502
582214654;689126;2018;2018-05-25;2018-06-05;2018-07-11;2018-07-26;2018-08-08;2018-08-21;2018-08-28;Ticino;Alpensüdflanke;2.527
583165752;689166;2018;;2018-06-02;2018-06-26;2018-07-14;2018-07-30;2018-08-12;2018-08-22;Uri;Östliche Zentralalpen;2.506
579178814;689246;2018;2018-05-07;2018-06-04;2018-07-02;2018-07-19;2018-08-06;2018-08-16;2018-08-28;Zürich;Mittelland;2.492
581846739;695110;2018;2018-05-25;2018-06-14;2018-07-09;2018-07-19;2018-08-02;2018-08-20;2018-08-28;Ticino;Alpensüdflanke;2.511
581676900;695150;2018;2018-05-18;2018-06-09;2018-06-30;2018-07-18;2018-08-03;2018-08-11;2018-08-28;Ticino;Alpensüdflanke;2.464
581330346;695190;2018;2018-05-25;2018-06-16;2018-07-01;2018-07-14;2018-07-26;2018-08-06;2018-08-21;Uri;Alpennordflanke;2.591
579096184;695270;2018;2018-05-07;2018-06-03;2018-07-02;2018-07-19;2018-08-06;2018-08-16;2018-08-28;Zürich;Mittelland;2.504
581495501;701134;2018;2018-05-17;2018-06-15;2018-07-04;2018-07-25;2018-08-02;2018-08-16;2018-09-02;Ticino;Alpensüdflanke;2.506
582802566;701214;2018;2018-05-25;2018-06-10;2018-07-01;2018-07-18;2018-08-04;2018-08-16;2018-08-28;Schwyz;Alpennordflanke;2.513
580030016;707118;2018;2018-05-06;2018-06-05;2018-07-07;2018-07-17;2018-07-31;2018-08-15;2018-09-04;Ticino;Alpensüdflanke;2.41
580392022;707238;2018;2018-05-06;2018-06-04;2018-07-04;2018-07-17;2018-08-04;2018-08-15;2018-08-29;Zürich;Mittelland;2.503
579604700;713102;2018;2018-05-08;2018-06-05;2018-07-01;2018-07-18;2018-08-02;2018-08-15;2018-09-09;Ticino;Alpensüdflanke;2.533
582383999;713142;2018;2018-05-18;2018-06-09;2018-07-01;2018-07-14;2018-07-29;2018-08-11;2018-08-27;Ticino;Alpensüdflanke;2.427
587718879;713182;2018;;;2018-07-08;2018-07-14;2018-07-26;2018-08-11;;Graubünden;Östliche Zentralalpen;1.75
578761659;713262;2018;2018-05-05;2018-06-04;2018-07-02;2018-07-24;2018-08-03;2018-08-12;2018-08-29;Thurgau;Mittelland;2.504
577277141;719126;2018;2018-04-30;2018-05-25;2018-06-20;2018-07-07;2018-07-30;2018-08-05;2018-09-05;Ticino;Alpensüdflanke;2.502
584177609;725110;2020;;2020-06-02;2020-07-05;2020-07-19;2020-08-01;2020-08-15;2020-08-26;Ticino;Alpensüdflanke;2.42
587288796;725150;2020;;;2020-07-05;2020-07-19;2020-07-31;2020-08-21;;Graubünden;Östliche Zentralalpen;1.624
580472066;725230;2018;2018-05-25;2018-06-15;2018-07-01;2018-07-13;2018-07-27;2018-08-12;2018-08-28;St. Gallen;Alpennordflanke;2.515
584545896;731134;2018;;2018-06-14;2018-06-30;2018-07-18;2018-08-04;2018-08-15;2018-08-28;Graubünden;Alpensüdflanke;2.507
581238283;731174;2018;2018-05-25;2018-06-10;2018-07-02;2018-07-09;2018-07-25;2018-08-08;2018-08-28;Graubünden;Östliche Zentralalpen;2.502
579780983;731254;2018;2018-05-07;2018-06-08;2018-07-07;2018-07-17;2018-08-06;2018-08-15;2018-08-27;St. Gallen;Mittelland;2.565
580542335;743222;2018;2018-05-21;2018-06-06;2018-07-04;2018-07-17;2018-08-08;2018-08-16;2018-08-28;St. Gallen;Alpennordflanke;2.474
580307519;749166;2018;2018-05-26;2018-06-15;2018-07-08;2018-07-24;2018-08-05;2018-08-16;2018-08-27;Graubünden;Östliche Zentralalpen;2.511
581421368;749246;2018;2018-05-08;2018-06-03;2018-07-02;2018-07-16;2018-07-31;2018-08-15;2018-08-27;Appenzell Innerrhoden;Alpennordflanke;2.521
586437455;755142;2018;;;2018-06-30;2018-07-13;2018-07-29;2018-08-09;;Graubünden;Östliche Zentralalpen;1.227
579096927;755190;2018;2018-05-07;2018-06-09;2018-07-02;2018-07-13;2018-07-25;2018-08-08;2018-08-27;Graubünden;Östliche Zentralalpen;2.585
579777741;761134;2018;2018-05-05;2018-06-01;2018-07-08;2018-07-17;2018-07-26;2018-08-15;2018-09-05;Graubünden;Alpensüdflanke;2.586
580234344;767158;2018;2018-05-11;2018-06-02;2018-07-02;2018-07-13;2018-07-27;2018-08-11;2018-09-04;Graubünden;Östliche Zentralalpen;2.501
583570794;773182;2018;;2018-06-09;2018-07-02;2018-07-24;2018-07-31;2018-08-16;2018-08-29;Graubünden;Östliche Zentralalpen;2.504
584345469;779206;2018;;2018-06-10;2018-07-09;2018-07-18;2018-07-30;2018-08-21;2018-08-28;Graubünden;Östliche Zentralalpen;2.508
583132558;785150;2018;;2018-06-19;2018-07-01;2018-07-13;2018-08-04;2018-08-15;2018-08-28;Graubünden;Östliche Zentralalpen;2.505
583489010;803142;2018;;2018-06-03;2018-07-01;2018-07-18;2018-07-27;2018-08-11;2018-08-28;Graubünden;Alpensüdflanke;2.207
583062943;809126;2018;2018-05-17;2018-06-09;2018-06-27;2018-07-18;2018-08-03;2018-08-16;2018-08-27;Graubünden;Alpensüdflanke;2.622
582978284;815190;2018;;2018-06-16;2018-07-01;2018-07-14;2018-07-28;2018-08-12;2018-08-28;Graubünden;Östliche Zentralalpen;2.515
614671932;509158;2019;2019-05-31;2019-06-25;2019-07-08;2019-07-16;2019-08-03;2019-08-14;2019-09-04;Vaud;Jura;2.515
612959068;521166;2019;2019-05-16;2019-06-08;2019-07-02;2019-07-14;2019-07-29;2019-08-17;2019-08-26;Vaud;Jura;2.502
613286986;527190;2019;2019-05-22;2019-06-07;2019-07-04;2019-07-19;2019-07-25;2019-08-11;2019-08-30;Neuchâtel;Jura;2.546
612863650;539158;2019;2019-05-23;2019-06-08;2019-07-09;2019-07-23;2019-08-01;2019-08-16;2019-08-30;Vaud;Mittelland;2.5
611139220;539198;2019;2019-05-15;2019-06-13;2019-07-08;2019-07-19;2019-08-03;2019-08-14;2019-08-26;Neuchâtel;Jura;2.504
610190548;545182;2019;2019-05-21;2019-06-08;2019-07-08;2019-07-22;2019-08-01;2019-08-16;2019-08-29;Vaud;Mittelland;2.503
614585064;551206;2019;2019-06-02;2019-06-13;2019-07-05;2019-07-23;2019-07-30;2019-08-14;2019-08-27;Neuchâtel;Jura;2.513
610533306;557150;2019;2019-05-22;2019-06-13;2019-07-01;2019-07-17;2019-08-01;2019-08-14;2019-08-27;Vaud;Alpennordflanke;2.5
611304792;563174;2019;2019-05-01;2019-06-03;2019-07-01;2019-07-18;2019-07-26;2019-08-16;2019-08-28;Fribourg;Mittelland;2.513
613037051;563214;2019;2019-05-23;2019-06-13;2019-07-04;2019-07-15;2019-08-03;2019-08-14;2019-08-26;Neuchâtel;Jura;2.501
613298963;569118;2019;2019-05-23;2019-06-08;2019-07-14;2019-07-19;2019-07-30;2019-08-18;2019-08-26;Vaud;Alpennordflanke;2.531
611220058;569198;2019;2019-05-16;2019-06-19;2019-07-10;2019-07-20;2019-08-04;2019-08-16;2019-08-27;Vaud;Mittelland;2.503
613131694;569238;2019;2019-05-22;2019-06-13;2019-07-02;2019-07-16;2019-08-03;2019-08-16;2019-08-27;Jura;Jura;2.5
614067492;575142;2019;2019-06-02;2019-06-18;2019-07-04;2019-07-16;2019-07-30;2019-08-14;2019-08-25;Vaud;Alpennordflanke;2.47
614340131;575222;2019;2019-06-01;2019-06-13;2019-07-05;2019-07-23;2019-08-03;2019-08-22;2019-08-28;Bern;Jura;2.504
614927415;581086;2019;2019-05-31;2019-06-16;2019-07-09;2019-07-17;2019-08-01;2019-08-14;2019-08-25;Valais;Westliche Zentralalpen;2.5
612778239;581166;2019;2019-05-22;2019-06-13;2019-07-01;2019-07-17;2019-07-30;2019-08-18;2019-08-27;Fribourg;Alpennordflanke;2.499
613208626;581246;2019;2019-05-14;2019-06-04;2019-07-04;2019-07-22;2019-07-30;2019-08-11;2019-08-27;Jura;Jura;2.505
613456256;587110;2019;2019-05-31;2019-06-23;2019-07-05;2019-07-19;2019-07-29;2019-08-16;2019-08-26;Valais;Westliche Zentralalpen;2.492
611328461;587190;2019;2019-05-23;2019-06-13;2019-07-05;2019-07-19;2019-08-08;2019-08-16;2019-09-04;Fribourg;Mittelland;2.508
612609383;587230;2019;2019-05-23;2019-06-08;2019-07-05;2019-07-23;2019-08-01;2019-08-14;2019-08-26;Bern;Jura;2.505
611412519;593214;2019;2019-05-07;2019-06-02;2019-07-03;2019-07-18;2019-07-29;2019-08-08;2019-08-27;Bern;Mittelland;2.503
615639308;599158;2019;;2019-06-19;2019-07-17;2019-07-24;2019-08-04;2019-08-18;2019-08-26;Bern;Alpennordflanke;2.605
612437619;599238;2019;2019-05-14;2019-06-25;2019-07-04;2019-07-14;2019-08-03;2019-08-11;2019-08-23;Bern;Jura;2.502
614326838;605102;2019;2019-05-30;2019-06-25;2019-07-16;2019-07-22;2019-08-04;2019-08-22;2019-09-04;Valais;Westliche Zentralalpen;2.572
610183763;605182;2019;2019-05-23;2019-06-17;2019-07-01;2019-07-16;2019-08-01;2019-08-14;2019-09-03;Bern;Mittelland;2.503
610442818;605262;2019;2019-05-23;2019-06-08;2019-07-01;2019-07-14;2019-08-04;2019-08-22;2019-08-30;Basel-Landschaft;Mittelland;2.502
609841599;611126;2019;2019-05-01;2019-06-08;2019-06-30;2019-07-16;2019-07-30;2019-08-09;2019-09-12;Valais;Westliche Zentralalpen;2.577
611316652;611206;2019;2019-05-23;2019-06-08;2019-07-04;2019-07-17;2019-08-04;2019-08-14;2019-08-26;Bern;Mittelland;2.505
611826513;611246;2019;2019-05-17;2019-06-18;2019-07-05;2019-07-22;2019-08-03;2019-08-16;2019-08-31;Solothurn;Jura;2.496
614424876;617150;2019;2019-06-02;2019-06-26;2019-07-05;2019-07-16;2019-08-03;2019-08-16;2019-08-24;Bern;Alpennordflanke;2.47
610010357;617230;2019;2019-05-14;2019-06-13;2019-07-01;2019-07-19;2019-07-30;2019-08-14;2019-08-30;Bern;Mittelland;2.494
615457782;623094;2019;;2019-06-25;2019-07-10;2019-07-23;2019-08-04;2019-08-18;2019-09-04;Valais;Westliche Zentralalpen;2.549
612605906;623174;2019;2019-05-23;2019-06-18;2019-06-30;2019-07-16;2019-07-30;2019-08-09;2019-08-24;Bern;Alpennordflanke;2.43
611044279;623254;2019;2019-05-22;2019-06-09;2019-07-05;2019-07-24;2019-07-30;2019-08-16;2019-09-06;Basel-Landschaft;Jura;2.487
612868035;629118;2019;2019-05-14;2019-06-08;2019-07-02;2019-07-16;2019-08-03;2019-08-16;2019-09-03;Valais;Westliche Zentralalpen;2.5
611134572;629198;2019;2019-05-01;2019-06-01;2019-06-29;2019-07-17;2019-08-01;2019-08-14;2019-08-26;Bern;Alpennordflanke;2.502
611742971;635222;2019;2019-05-01;2019-06-01;2019-06-29;2019-07-17;2019-08-01;2019-08-14;2019-08-26;Luzern;Mittelland;2.497
610700417;635262;2019;2019-05-23;2019-06-09;2019-07-05;2019-07-24;2019-07-30;2019-08-16;2019-09-07;Aargau;Jura;2.503
612972267;641166;2019;2019-06-01;2019-06-25;2019-07-10;2019-07-25;2019-08-04;2019-08-16;2019-08-30;Bern;Alpennordflanke;2.376
609490722;641246;2019;2019-05-01;2019-06-04;2019-06-30;2019-07-17;2019-07-30;2019-08-14;2019-08-28;Solothurn;Mittelland;2.503
615538772;647110;2019;;2019-06-27;2019-07-08;2019-07-24;2019-07-29;2019-08-18;2019-08-25;Valais;Alpensüdflanke;2.533
615021854;647190;2019;2019-05-31;2019-06-17;2019-07-05;2019-07-23;2019-07-30;2019-08-17;2019-08-27;Luzern;Alpennordflanke;2.435
616324185;653134;2019;;2019-06-17;2019-07-10;2019-07-23;2019-08-05;2019-08-15;2019-08-26;Valais;Westliche Zentralalpen;2.327
611310009;653214;2019;2019-05-17;2019-06-05;2019-07-02;2019-07-17;2019-08-04;2019-08-14;2019-08-29;Luzern;Mittelland;2.5
610542534;653254;2019;2019-05-17;2019-06-13;2019-07-03;2019-07-25;2019-08-03;2019-08-14;2019-08-26;Aargau;Jura;2.503
611399153;659238;2019;2019-05-17;2019-06-02;2019-06-26;2019-07-16;2019-07-25;2019-08-08;2019-08-27;Aargau;Mittelland;2.029
614958730;665182;2019;;2019-06-24;2019-07-10;2019-07-22;2019-07-30;2019-08-11;2019-08-25;Obwalden;Alpennordflanke;2.475
536927358;665262;2019;2019-05-17;2019-06-03;2019-07-05;2019-07-24;2019-08-05;2019-08-14;2019-08-30;Aargau;Mittelland;2.501
610712409;677230;2019;2019-05-16;2019-06-04;2019-06-25;2019-07-16;2019-08-05;2019-08-16;2019-08-27;Zürich;Mittelland;2.554
616588862;683174;2019;;2019-06-25;2019-07-05;2019-07-23;2019-07-30;2019-08-23;2019-08-26;Uri;Alpennordflanke;2.197
610538434;683254;2019;2019-05-17;2019-06-03;2019-07-05;2019-07-16;2019-07-30;2019-08-14;2019-08-25;Zürich;Mittelland;2.499
611830706;689198;2019;2019-05-22;2019-06-08;2019-06-29;2019-07-17;2019-08-04;2019-08-14;2019-08-27;Uri;Alpennordflanke;1.63
610625747;689278;2019;2019-05-17;2019-06-02;2019-07-01;2019-07-16;2019-07-29;2019-08-11;2019-08-25;Zürich;Mittelland;2.508
613844101;695142;2019;2019-06-01;2019-06-23;2019-07-14;2019-07-29;2019-08-03;2019-08-14;2019-08-25;Ticino;Alpensüdflanke;2.527
613038424;695222;2019;2019-05-23;2019-06-17;2019-06-28;2019-07-16;2019-07-30;2019-08-09;2019-08-25;Schwyz;Alpennordflanke;2.501
616403060;701126;2019;;2019-06-24;2019-07-10;2019-07-23;2019-08-09;2019-08-22;2019-09-03;Ticino;Alpensüdflanke;2.448
614688871;701166;2019;2019-06-02;2019-06-24;2019-07-06;2019-07-25;2019-08-01;2019-08-24;2019-08-27;Graubünden;Östliche Zentralalpen;2.431
609837392;707110;2019;2019-04-28;2019-05-23;2019-06-20;2019-07-04;2019-07-22;2019-08-05;2019-09-16;Ticino;Alpensüdflanke;2.14
614851237;707150;2019;;2019-06-14;2019-07-05;2019-07-21;2019-07-30;2019-08-22;2019-08-30;Ticino;Alpensüdflanke;2.491
619778912;707190;2019;;;2019-07-05;2019-07-23;2019-08-01;2019-08-14;;Uri;Alpennordflanke;2.034
610531581;707270;2019;2019-05-23;2019-06-07;2019-06-30;2019-07-17;2019-08-01;2019-08-16;2019-08-26;Thurgau;Mittelland;2.539
611152211;713134;2019;2019-05-01;2019-06-03;2019-07-01;2019-07-17;2019-07-29;2019-08-16;2019-09-03;Ticino;Alpensüdflanke;2.616
613047230;713214;2019;2019-06-03;2019-06-23;2019-07-10;2019-07-22;2019-07-26;2019-08-11;2019-08-22;Schwyz;Alpennordflanke;2.415
610446496;719078;2019;2019-05-01;2019-05-23;2019-06-24;2019-07-08;2019-07-23;2019-08-04;2019-09-05;Ticino;Alpensüdflanke;2.501
611741269;719118;2019;2019-05-23;2019-06-13;2019-06-30;2019-07-16;2019-08-04;2019-08-14;2019-09-03;Ticino;Alpensüdflanke;2.487
615705608;719158;2019;;2019-06-27;2019-07-12;2019-07-22;2019-08-04;2019-08-14;2019-08-26;Ticino;Alpensüdflanke;2.496
613121954;719238;2019;2019-06-01;2019-06-13;2019-07-05;2019-07-22;2019-08-04;2019-08-09;2019-08-26;St. Gallen;Alpennordflanke;2.485
613036350;725102;2019;2019-06-01;2019-06-25;2019-07-05;2019-07-24;2019-08-05;2019-08-16;2019-08-30;Ticino;Alpensüdflanke;2.501
613731938;725142;2020;2020-05-03;2020-06-13;2020-06-30;2020-07-17;2020-07-28;2020-08-15;2020-08-26;Ticino;Alpensüdflanke;2.501
614175197;725182;2019;2019-05-23;2019-06-17;2019-07-05;2019-07-23;2019-08-01;2019-08-08;2019-08-23;Graubünden;Östliche Zentralalpen;2.531
612970016;725262;2019;2019-05-23;2019-06-17;2019-07-10;2019-07-16;2019-08-09;2019-08-14;2019-08-30;Thurgau;Mittelland;2.502
612939000;731126;2019;2019-05-14;2019-06-03;2019-06-30;2019-07-14;2019-07-30;2019-08-14;2019-09-01;Graubünden;Alpensüdflanke;2.432
614936270;731206;2019;2019-06-02;2019-06-18;2019-07-16;2019-07-24;2019-07-30;2019-08-14;2019-08-30;Glarus;Alpennordflanke;2.497
614979904;737230;2019;;2019-06-18;2019-07-05;2019-07-17;2019-07-30;2019-08-09;2019-08-26;St. Gallen;Alpennordflanke;2.493
614352095;743174;2019;2019-05-23;2019-06-14;2019-07-10;2019-07-17;2019-08-03;2019-08-16;2019-08-27;Graubünden;Östliche Zentralalpen;2.502
612882440;743254;2019;2019-05-17;2019-06-07;2019-07-04;2019-07-23;2019-08-01;2019-08-09;2019-09-04;St. Gallen;Mittelland;2.492
615625270;749150;2019;;2019-06-24;2019-07-05;2019-07-22;2019-08-04;2019-08-16;2019-08-26;Graubünden;Östliche Zentralalpen;2.501
614590105;749198;2019;2019-05-23;2019-06-13;2019-07-05;2019-07-16;2019-08-09;2019-08-16;2019-08-27;St. Gallen;Östliche Zentralalpen;2.498
611142152;755222;2019;2019-05-16;2019-06-05;2019-07-11;2019-07-19;2019-08-06;2019-08-15;2019-09-04;St. Gallen;Alpennordflanke;2.5
615477410;761166;2019;2019-06-01;2019-06-13;2019-07-09;2019-07-22;2019-08-04;2019-08-18;2019-08-27;Graubünden;Östliche Zentralalpen;2.499
611221273;761246;2019;2019-05-01;2019-06-03;2019-06-30;2019-07-14;2019-07-30;2019-08-11;2019-08-27;St. Gallen;Mittelland;2.504
614246600;767190;2019;2019-05-31;2019-06-07;2019-06-30;2019-07-14;2019-07-23;2019-08-08;2019-08-23;Graubünden;Östliche Zentralalpen;2.501
615534541;779158;2019;;2019-06-26;2019-07-05;2019-07-16;2019-07-25;2019-08-11;2019-08-24;Graubünden;Östliche Zentralalpen;2.375
615449659;785182;2019;;2019-06-13;2019-07-16;2019-07-30;2019-08-09;2019-08-18;2019-08-30;Graubünden;Östliche Zentralalpen;2.498
618648575;797150;2019;;;2019-07-06;2019-07-20;2019-07-24;2019-08-09;;Graubünden;Östliche Zentralalpen;2.25
614098508;803134;2019;2019-05-22;2019-06-08;2019-07-07;2019-07-23;2019-08-03;2019-08-17;2019-08-30;Graubünden;Alpensüdflanke;2.488
614161048;803174;2019;2019-06-02;2019-06-14;2019-07-06;2019-07-17;2019-07-30;2019-08-10;2019-08-25;Graubünden;Östliche Zentralalpen;2.501
614182389;821166;2019;;2019-06-23;2019-07-05;2019-07-16;2019-08-04;2019-08-09;2019-08-27;Graubünden;Östliche Zentralalpen;2.48
614250799;827190;2019;2019-05-24;2019-06-07;2019-07-06;2019-07-20;2019-08-01;2019-08-16;2019-08-31;Graubünden;Östliche Zentralalpen;2.484
646218068;497142;2020;2020-05-07;2020-06-02;2020-06-30;2020-07-13;2020-07-31;2020-08-07;2020-08-21;Vaud;Jura;2.612
643972339;509150;2020;2020-05-04;2020-05-30;2020-06-23;2020-07-08;2020-07-25;2020-08-07;2020-08-20;Vaud;Jura;2.481
644239349;527182;2020;2020-05-09;2020-06-01;2020-07-04;2020-07-08;2020-07-27;2020-08-05;2020-08-15;Vaud;Jura;2.462
640944646;533166;2020;2020-04-22;2020-06-01;2020-06-24;2020-07-12;2020-07-22;2020-08-06;2020-08-19;Vaud;Mittelland;2.524
643189414;539190;2020;2020-05-07;2020-06-01;2020-06-24;2020-07-08;2020-07-23;2020-08-06;2020-08-20;Vaud;Jura;2.503
643285297;545214;2020;2020-05-07;2020-06-01;2020-06-24;2020-07-07;2020-07-27;2020-08-08;2020-08-21;Neuchâtel;Jura;2.548
642757524;551158;2020;2020-04-23;2020-06-01;2020-06-24;2020-07-12;2020-07-22;2020-08-05;2020-08-19;Vaud;Mittelland;2.506
641807375;551198;2020;2020-04-23;2020-06-02;2020-06-24;2020-07-08;2020-07-23;2020-08-07;2020-08-24;Neuchâtel;Jura;2.501
641128576;557182;2020;2020-04-23;2020-05-27;2020-06-25;2020-07-13;2020-07-27;2020-08-07;2020-08-21;Fribourg;Mittelland;2.501
642243191;557222;2020;2020-05-07;2020-06-12;2020-06-30;2020-07-13;2020-07-30;2020-08-07;2020-08-27;Bern;Jura;2.553
641892734;563126;2020;2020-04-24;2020-06-01;2020-06-23;2020-07-08;2020-07-30;2020-08-05;2020-08-19;Vaud;Alpennordflanke;2.376
641124793;563206;2020;;2020-06-02;2020-06-24;2020-07-08;2020-07-27;2020-08-06;2020-08-26;Neuchâtel;Jura;2.513
642847741;563246;2020;2020-04-23;2020-05-27;2020-06-25;2020-07-13;2020-07-23;2020-08-06;2020-08-21;Jura;Jura;2.5
643703913;569150;2020;2020-04-23;2020-05-27;2020-06-25;2020-07-08;2020-07-27;2020-08-05;2020-08-21;Fribourg;Alpennordflanke;2.504
643375041;569230;2020;2020-05-07;2020-05-28;2020-06-25;2020-07-08;2020-07-30;2020-08-06;2020-08-21;Jura;Jura;2.503
643374146;575094;2020;2020-05-04;2020-05-28;2020-07-01;2020-07-09;2020-07-31;2020-08-07;2020-08-25;Valais;Westliche Zentralalpen;2.528
642497044;575174;2020;2020-04-23;2020-05-27;2020-06-27;2020-07-07;2020-07-26;2020-07-30;2020-08-16;Fribourg;Alpennordflanke;2.471
642344969;575214;2020;2020-04-22;2020-06-01;2020-06-24;2020-07-08;2020-07-25;2020-08-06;2020-08-21;Bern;Jura;2.519
642157215;575254;2020;2020-04-22;2020-05-27;2020-06-25;2020-07-13;2020-07-23;2020-08-06;2020-08-21;Jura;Mittelland;2.51
642238574;581118;2020;2020-04-25;2020-05-26;2020-07-01;2020-07-09;2020-07-27;2020-08-11;2020-08-27;Valais;Westliche Zentralalpen;2.505
640341492;581198;2020;2020-04-25;2020-05-31;2020-06-24;2020-07-09;2020-07-23;2020-08-07;2020-08-26;Fribourg;Mittelland;2.503
645183686;581238;2020;2020-04-25;2020-05-28;2020-06-24;2020-07-12;2020-07-25;2020-08-07;2020-08-20;Jura;Jura;2.503
644493588;587142;2020;2020-04-22;2020-05-27;2020-06-25;2020-07-08;2020-07-20;2020-08-07;2020-08-21;Bern;Alpennordflanke;2.514
651320444;593086;2020;;;2020-07-07;2020-07-20;2020-07-31;2020-08-21;;Valais;Westliche Zentralalpen;1.498
647259370;593166;2020;;2020-06-23;2020-06-30;2020-07-20;2020-07-27;2020-08-20;2020-08-27;Fribourg;Alpennordflanke;2.513
640861239;593246;2020;;2020-05-27;2020-06-24;2020-07-09;2020-07-28;2020-08-07;2020-08-26;Jura;Jura;2.501
646909086;599110;2020;2020-05-10;2020-05-28;2020-07-05;2020-07-18;2020-07-23;2020-08-06;2020-08-26;Valais;Westliche Zentralalpen;2.525
641910873;599190;2020;2020-05-07;2020-05-31;2020-06-26;2020-07-07;2020-07-25;2020-08-07;2020-08-24;Bern;Mittelland;2.5
643794443;599230;2020;2020-04-23;2020-06-02;2020-06-26;2020-07-13;2020-07-28;2020-08-06;2020-08-27;Solothurn;Jura;2.502
640681956;605254;2020;2020-04-22;2020-05-26;2020-06-23;2020-07-07;2020-07-27;2020-08-05;2020-08-20;Basel-Landschaft;Jura;2.549
642585067;611238;2020;2020-04-23;2020-06-02;2020-06-25;2020-07-19;2020-07-27;2020-08-07;2020-08-27;Solothurn;Jura;2.501
642515138;617182;2020;2020-04-23;2020-06-01;2020-06-23;2020-07-07;2020-07-20;2020-08-06;2020-08-20;Bern;Alpennordflanke;2.499
643452193;617262;2020;2020-04-23;2020-05-29;2020-06-23;2020-07-12;2020-07-23;2020-08-08;2020-08-26;Basel-Landschaft;Mittelland;2.531
644395255;623126;2020;2020-05-07;2020-05-27;2020-06-24;2020-07-09;2020-07-27;2020-08-07;2020-08-25;Valais;Westliche Zentralalpen;2.42
643122165;623206;2020;2020-04-22;2020-05-26;2020-06-26;2020-07-09;2020-07-21;2020-08-05;2020-08-19;Bern;Alpennordflanke;2.502
643102378;623246;2020;2020-04-22;2020-05-26;2020-06-30;2020-07-13;2020-07-27;2020-08-07;2020-08-24;Basel-Landschaft;Jura;2.539
640255180;629230;2020;2020-04-22;2020-05-27;2020-06-23;2020-07-08;2020-07-19;2020-08-08;2020-08-27;Bern;Mittelland;2.512
644062943;635174;2020;2020-05-07;2020-05-29;2020-06-24;2020-07-08;2020-07-19;2020-07-31;2020-08-15;Bern;Alpennordflanke;2.549
641461361;635254;2020;2020-04-22;2020-06-03;2020-06-23;2020-07-12;2020-07-23;2020-08-08;2020-08-27;Basel-Landschaft;Jura;2.516
648027407;641118;2020;;2020-06-30;2020-07-09;2020-07-19;2020-08-08;2020-08-15;2020-09-05;Valais;Westliche Zentralalpen;2.53
642936929;641198;2020;2020-04-23;2020-06-01;2020-06-23;2020-07-07;2020-07-20;2020-08-06;2020-08-20;Luzern;Alpennordflanke;2.517
641896670;647222;2020;2020-04-23;2020-05-26;2020-06-23;2020-07-08;2020-07-23;2020-08-08;2020-08-25;Luzern;Mittelland;2.507
641631764;647262;2020;2020-04-24;2020-06-01;2020-06-24;2020-07-07;2020-07-27;2020-08-11;2020-08-21;Aargau;Jura;2.511
640084523;653246;2020;2020-04-22;2020-05-25;2020-06-23;2020-07-07;2020-07-25;2020-08-05;2020-08-19;Aargau;Mittelland;2.596
639823063;659270;2020;2020-04-23;2020-05-31;2020-06-24;2020-07-08;2020-07-20;2020-08-07;2020-08-20;Aargau;Mittelland;1.985
643711774;665214;2020;2020-04-22;2020-05-27;2020-06-30;2020-07-07;2020-07-24;2020-08-08;2020-08-20;Luzern;Mittelland;2.516
646473241;671158;2020;;2020-06-02;2020-06-30;2020-07-25;2020-07-30;2020-08-20;2020-08-25;Valais;Westliche Zentralalpen;2.617
643279804;671238;2020;2020-04-23;2020-05-26;2020-06-23;2020-07-05;2020-07-19;2020-07-31;2020-08-15;Aargau;Mittelland;2.533
645608827;677182;2020;2020-05-09;2020-06-02;2020-07-05;2020-07-12;2020-07-27;2020-08-08;2020-08-21;Obwalden;Alpennordflanke;2.528
641041544;677262;2020;;2020-06-02;2020-06-24;2020-07-13;2020-07-23;2020-08-07;2020-08-25;Zürich;Mittelland;2.503
644308021;683126;2020;2020-04-24;2020-05-27;2020-06-24;2020-07-07;2020-07-23;2020-08-06;2020-08-19;Ticino;Alpensüdflanke;2.496
644224417;683134;2020;2020-05-03;2020-05-28;2020-06-24;2020-07-12;2020-07-25;2020-08-09;2020-08-20;Ticino;Alpensüdflanke;2.406
644403307;683206;2020;2020-05-07;2020-05-29;2020-06-24;2020-07-09;2020-07-20;2020-08-06;2020-08-20;Schwyz;Alpennordflanke;2.577
641894697;683286;2020;2020-04-23;2020-05-27;2020-06-24;2020-07-07;2020-07-23;2020-08-08;2020-08-20;Schaffhausen;Jura;2.454
642241779;689230;2020;2020-04-22;2020-05-27;2020-06-30;2020-07-07;2020-07-24;2020-08-08;2020-08-20;Zürich;Mittelland;2.494
651226812;695174;2020;;;2020-07-08;2020-07-27;2020-08-08;2020-08-25;;Uri;Alpennordflanke;1.177
640683620;695254;2020;2020-04-22;2020-05-27;2020-06-25;2020-07-07;2020-07-27;2020-08-05;2020-08-19;Zürich;Mittelland;2.503
641900301;701118;2020;2020-04-23;2020-05-26;2020-06-22;2020-07-06;2020-07-20;2020-08-05;2020-08-25;Ticino;Alpensüdflanke;2.929
599725849;701158;2020;;2020-06-22;2020-07-08;2020-07-19;2020-08-01;2020-08-07;2020-08-26;Ticino;Alpensüdflanke;2.515
645541877;701198;2020;2020-05-07;2020-05-27;2020-06-25;2020-07-08;2020-07-20;2020-08-06;2020-08-20;Uri;Alpennordflanke;2.483
642596981;701278;2020;2020-04-24;2020-06-02;2020-06-24;2020-07-13;2020-07-23;2020-08-07;2020-08-27;Zürich;Mittelland;2.485
642329062;707142;2020;2020-04-24;2020-06-01;2020-06-28;2020-07-09;2020-07-23;2020-08-05;2020-08-27;Ticino;Alpensüdflanke;2.579
645095236;707222;2020;2020-05-07;2020-06-02;2020-06-25;2020-07-13;2020-07-25;2020-08-07;2020-08-21;Schwyz;Alpennordflanke;2.493
646763440;713126;2020;2020-05-07;2020-06-15;2020-06-30;2020-07-20;2020-07-31;2020-08-12;2020-08-26;Ticino;Alpensüdflanke;2.329
645014023;713246;2020;2020-05-08;2020-05-29;2020-06-24;2020-07-07;2020-07-23;2020-08-07;2020-08-19;Zürich;Alpennordflanke;2.516
643616935;719110;2020;2020-05-03;2020-06-01;2020-06-29;2020-07-12;2020-07-29;2020-08-07;2020-08-21;Ticino;Alpensüdflanke;2.515
646235577;719150;2020;;2020-06-23;2020-07-07;2020-07-18;2020-07-31;2020-08-08;2020-08-25;Ticino;Alpensüdflanke;2.427
646385619;719190;2020;;2020-06-24;2020-07-09;2020-07-20;2020-07-30;2020-08-09;2020-08-27;Glarus;Alpennordflanke;2.452
640964099;719270;2020;2020-04-23;2020-06-12;2020-06-30;2020-07-14;2020-07-23;2020-08-12;2020-08-26;Thurgau;Mittelland;2.483
647511093;725134;2020;;2020-06-20;2020-07-05;2020-07-19;2020-08-06;2020-08-15;2020-09-04;Ticino;Alpensüdflanke;2.448
644908380;725214;2020;2020-05-08;2020-06-02;2020-06-30;2020-07-12;2020-07-27;2020-08-10;2020-08-26;Glarus;Alpennordflanke;2.596
644335431;731118;2020;2020-05-04;2020-06-01;2020-06-28;2020-07-09;2020-07-27;2020-08-06;2020-08-25;Graubünden;Alpensüdflanke;2.614
649340159;731158;2020;;;2020-06-30;2020-07-23;2020-07-30;2020-08-15;;Graubünden;Östliche Zentralalpen;1.626
644060333;731238;2020;2020-05-07;2020-05-27;2020-06-24;2020-07-08;2020-07-27;2020-08-06;2020-08-20;St. Gallen;Alpennordflanke;2.528
644398729;737142;2020;2020-05-07;2020-06-13;2020-07-05;2020-07-19;2020-07-31;2020-08-08;2020-08-20;Graubünden;Alpensüdflanke;2.55
643721485;737182;2020;2020-04-23;2020-06-02;2020-06-25;2020-07-09;2020-07-28;2020-08-10;2020-08-19;Graubünden;Östliche Zentralalpen;2.489
640879769;737262;2020;2020-04-27;2020-06-12;2020-06-30;2020-07-14;2020-07-23;2020-08-12;2020-08-27;Thurgau;Mittelland;2.513
646656733;743206;2020;2020-05-07;2020-06-02;2020-06-23;2020-07-08;2020-07-20;2020-08-07;2020-08-21;St. Gallen;Alpennordflanke;2.602
643985597;749230;2020;2020-04-23;2020-05-26;2020-06-25;2020-07-08;2020-07-23;2020-08-07;2020-08-25;St. Gallen;Alpennordflanke;2.518
643011403;755174;2020;2020-04-24;2020-06-03;2020-06-27;2020-07-12;2020-07-25;2020-08-05;2020-08-20;Graubünden;Östliche Zentralalpen;2.474
642761594;755254;2020;2020-05-07;2020-05-29;2020-07-01;2020-07-13;2020-07-28;2020-08-06;2020-08-20;Appenzell Ausserrhoden;Mittelland;2.546
641378862;761198;2020;2020-04-22;2020-06-12;2020-06-25;2020-07-10;2020-07-29;2020-08-10;2020-08-26;Graubünden;Östliche Zentralalpen;2.499
647877724;767142;2020;;2020-06-23;2020-07-05;2020-07-20;2020-07-27;2020-08-08;2020-08-20;Graubünden;Alpensüdflanke;2.466
647336717;773166;2020;;2020-06-23;2020-06-30;2020-07-14;2020-08-01;2020-08-08;2020-08-21;Graubünden;Östliche Zentralalpen;2.498
650283680;779190;2020;;;2020-07-08;2020-07-27;2020-07-31;2020-08-16;;Graubünden;Östliche Zentralalpen;1.875
647251955;791158;2020;;2020-06-13;2020-07-08;2020-07-19;2020-07-31;2020-08-15;2020-08-26;Graubünden;Östliche Zentralalpen;2.551
647089466;797182;2020;;2020-06-23;2020-07-05;2020-07-20;2020-08-01;2020-08-21;2020-08-27;Graubünden;Östliche Zentralalpen;2.376
647171728;803126;2020;2020-05-08;2020-06-13;2020-06-30;2020-07-18;2020-07-25;2020-08-07;2020-08-21;Graubünden;Alpensüdflanke;2.387
650191064;815174;2020;;;2020-06-30;2020-07-20;2020-07-28;2020-08-21;;Graubünden;Östliche Zentralalpen;1.633
650278333;833166;2020;;;2020-07-05;2020-07-18;2020-07-31;2020-08-07;;Graubünden;Östliche Zentralalpen;2.51
5618346926;587222;2021;2021-05-08;2021-06-01;2021-07-02;2021-07-18;2021-07-28;2021-08-10;2021-08-27;Bern;Mittelland;2.51
6933876652;605214;2021;2021-05-03;2021-06-02;2021-07-03;2021-07-18;2021-07-30;2021-08-10;2021-08-26;Bern;Mittelland;2.512
676119595;503158;2021;2021-05-28;2021-06-12;2021-07-10;2021-07-22;2021-07-29;2021-08-21;2021-09-02;Vaud;Jura;2.564
671788360;515146;2021;2021-05-09;2021-06-12;2021-07-09;2021-07-21;2021-08-11;2021-08-15;2021-08-31;Vaud;Mittelland;2.5
678005448;515166;2021;2021-06-10;2021-06-27;2021-07-10;2021-07-21;2021-08-03;2021-08-12;2021-08-25;Vaud;Jura;2.51
673348511;521150;2021;2021-05-09;2021-06-12;2021-07-09;2021-07-21;2021-08-11;2021-08-15;2021-08-31;Vaud;Mittelland;2.574
673861503;527174;2021;2021-05-08;2021-06-13;2021-07-11;2021-07-23;2021-08-10;2021-08-20;2021-08-30;Vaud;Jura;2.556
674837587;533198;2021;2021-05-28;2021-06-23;2021-07-11;2021-07-22;2021-08-01;2021-08-11;2021-08-28;Neuchâtel;Jura;2.51
674559351;545166;2021;2021-05-09;2021-06-10;2021-07-09;2021-07-23;2021-08-08;2021-08-14;2021-09-02;Vaud;Mittelland;2.562
676996297;545206;2021;2021-05-28;2021-06-10;2021-07-10;2021-07-23;2021-07-29;2021-08-12;2021-08-26;Neuchâtel;Jura;2.574
678350063;551110;2021;2021-05-30;2021-06-28;2021-07-10;2021-07-20;2021-08-10;2021-08-21;2021-09-01;Valais;Alpennordflanke;2.549
672741559;557134;2021;2021-05-08;2021-06-11;2021-06-26;2021-07-21;2021-08-10;2021-08-19;2021-08-31;Vaud;Alpennordflanke;2.502
676974141;557214;2021;2021-06-01;2021-06-15;2021-07-18;2021-07-22;2021-08-12;2021-08-26;2021-09-06;Neuchâtel;Jura;2.507
676456291;563158;2021;2021-05-31;2021-06-11;2021-06-28;2021-07-12;2021-07-31;2021-08-14;2021-09-02;Fribourg;Alpennordflanke;2.503
673294621;569102;2021;2021-05-03;2021-06-11;2021-07-02;2021-07-18;2021-07-29;2021-08-14;2021-09-05;Valais;Westliche Zentralalpen;2.496
674117131;569182;2021;2021-05-08;2021-06-11;2021-07-09;2021-07-22;2021-08-02;2021-08-11;2021-08-27;Fribourg;Mittelland;2.271
675502028;569222;2021;2021-06-01;2021-06-15;2021-07-12;2021-07-23;2021-07-30;2021-08-11;2021-09-02;Bern;Jura;2.56
678266864;575126;2021;2021-05-23;2021-06-12;2021-07-18;2021-08-14;2021-08-21;2021-08-29;2021-09-05;Vaud;Alpennordflanke;2.536
673294577;575206;2021;2021-05-09;2021-06-11;2021-07-10;2021-07-19;2021-07-29;2021-08-11;2021-08-27;Bern;Mittelland;2.525
675250025;575246;2021;2021-05-30;2021-06-12;2021-07-02;2021-07-19;2021-08-10;2021-08-20;2021-09-02;Jura;Jura;2.594
676534460;581150;2021;2021-05-28;2021-06-13;2021-07-02;2021-07-19;2021-07-29;2021-08-10;2021-08-26;Vaud;Alpennordflanke;2.535
675414437;581230;2021;2021-05-31;2021-06-14;2021-07-19;2021-07-22;2021-08-10;2021-08-24;2021-09-06;Bern;Jura;2.495
673521212;587094;2022;;;2022-07-10;2022-07-19;2022-08-01;2022-08-11;;Valais;Westliche Zentralalpen;1.454
676471315;587174;2021;2021-06-01;2021-06-12;2021-07-10;2021-07-19;2021-07-30;2021-08-13;2021-09-01;Fribourg;Alpennordflanke;2.525
671183493;593118;2021;2021-04-25;2021-06-06;2021-07-02;2021-07-09;2021-07-22;2021-08-10;2021-09-12;Valais;Westliche Zentralalpen;2.598
672751754;593198;2021;2021-05-28;2021-06-10;2021-07-09;2021-07-21;2021-07-29;2021-08-20;2021-08-26;Bern;Mittelland;2.483
675173297;593238;2021;2021-05-31;2021-06-14;2021-07-10;2021-07-20;2021-08-11;2021-08-21;2021-09-03;Bern;Jura;2.491
673521129;599142;2022;2022-05-18;2022-06-12;2022-07-02;2022-07-11;2022-08-01;2022-08-13;2022-08-25;Bern;Alpennordflanke;2.537
673521040;599222;2021;2021-05-08;2021-06-15;2021-07-11;2021-07-22;2021-07-29;2021-08-12;2021-08-26;Bern;Mittelland;2.524
681900713;605134;2021;;;2021-07-20;2021-07-29;2021-08-11;2021-08-25;;Valais;Westliche Zentralalpen;1.64
675262835;605166;2021;2021-05-20;2021-06-12;2021-07-02;2021-07-19;2021-08-09;2021-08-15;2021-09-02;Bern;Alpennordflanke;2.524
674137091;605246;2021;2021-05-09;2021-06-01;2021-07-02;2021-07-19;2021-07-29;2021-08-11;2021-08-24;Jura;Jura;2.602
681810007;611110;2021;;2021-06-14;2021-07-10;2021-07-22;2021-08-12;2021-08-26;2021-09-07;Valais;Westliche Zentralalpen;2.542
673781845;611190;2021;2021-05-09;2021-06-11;2021-07-03;2021-07-19;2021-08-09;2021-08-11;2021-08-27;Bern;Mittelland;2.592
673698472;611270;2021;2021-05-12;2021-06-10;2021-07-02;2021-07-19;2021-07-30;2021-08-13;2021-08-27;Basel-Stadt;Mittelland;2.485
673521196;617095;2021;;2021-06-14;2021-07-11;2021-07-22;2021-08-10;2021-08-26;2021-09-07;Valais;Westliche Zentralalpen;2.5
679395220;617134;2021;;2021-06-26;2021-07-10;2021-07-21;2021-08-12;2021-08-20;2021-09-02;Valais;Westliche Zentralalpen;2.536
675334144;617214;2021;2021-05-09;2021-06-10;2021-07-09;2021-07-22;2021-07-29;2021-08-12;2021-08-26;Bern;Mittelland;2.546
673529921;617254;2021;2021-05-09;2021-06-13;2021-07-02;2021-07-21;2021-08-11;2021-08-20;2021-09-03;Solothurn;Jura;2.486
666710261;623158;2021;2021-05-23;2021-06-13;2021-07-06;2021-07-21;2021-08-06;2021-08-21;2021-09-01;Bern;Alpennordflanke;2.73
672478969;623238;2021;2021-05-09;2021-06-11;2021-07-02;2021-07-20;2021-08-11;2021-08-20;2021-08-26;Solothurn;Mittelland;2.575
674055293;623258;2021;2021-05-09;2021-06-13;2021-07-02;2021-07-19;2021-08-10;2021-08-21;2021-09-03;Basel-Landschaft;Jura;2.501
675771583;629182;2021;2021-05-20;2021-06-14;2021-07-09;2021-07-20;2021-08-02;2021-08-12;2021-09-02;Bern;Alpennordflanke;2.418
673343646;629262;2021;2021-05-09;2021-06-13;2021-07-02;2021-07-19;2021-08-10;2021-08-21;2021-09-04;Basel-Landschaft;Mittelland;2.518
674809559;635126;2021;2021-05-08;2021-06-19;2021-07-02;2021-07-22;2021-08-06;2021-08-14;2021-09-05;Valais;Westliche Zentralalpen;2.498
676971425;635206;2021;2021-06-01;2021-06-16;2021-07-10;2021-07-19;2021-08-10;2021-08-21;2021-09-01;Luzern;Alpennordflanke;2.559
674118721;635246;2021;2021-05-09;2021-06-02;2021-06-27;2021-07-18;2021-07-29;2021-08-14;2021-08-20;Solothurn;Jura;2.511
673346992;641230;2021;2021-05-08;2021-06-12;2021-07-02;2021-07-20;2021-08-02;2021-08-11;2021-09-03;Luzern;Mittelland;2.521
678181113;647174;2022;2022-05-11;2022-06-14;2022-07-02;2022-07-18;2022-08-03;2022-08-12;2022-08-24;Bern;Alpennordflanke;2.594
674292781;647254;2021;2021-05-09;2021-06-12;2021-07-05;2021-07-22;2021-08-10;2021-08-18;2021-09-02;Aargau;Jura;2.538
678433621;653118;2021;2021-05-31;2021-06-10;2021-07-02;2021-07-23;2021-08-06;2021-08-18;2021-09-01;Valais;Alpensüdflanke;2.549
675760963;653198;2021;2021-05-28;2021-06-14;2021-07-10;2021-07-23;2021-08-09;2021-08-21;2021-09-02;Luzern;Alpennordflanke;2.451
674811879;659222;2021;2021-05-08;2021-06-02;2021-07-06;2021-07-19;2021-08-02;2021-08-10;2021-08-26;Luzern;Mittelland;2.518
676384965;665166;2021;2021-05-30;2021-06-15;2021-07-11;2021-07-20;2021-08-06;2021-08-11;2021-08-25;Bern;Alpennordflanke;2.47
674211194;665246;2021;2021-05-03;2021-06-01;2021-06-26;2021-07-09;2021-07-23;2021-08-12;2021-09-02;Aargau;Mittelland;2.487
675672517;671190;2021;2021-05-23;2021-06-12;2021-07-12;2021-07-21;2021-08-06;2021-08-12;2021-09-01;Obwalden;Alpennordflanke;2.509
682674211;677158;2022;;;2022-07-11;2022-07-17;2022-08-02;2022-08-16;;Uri;Östliche Zentralalpen;2.251
674121338;677214;2021;2021-05-09;2021-06-11;2021-07-10;2021-07-20;2021-07-29;2021-08-14;2021-09-02;Schwyz;Alpennordflanke;2.475
673691951;677254;2021;2021-05-31;2021-06-16;2021-07-09;2021-07-23;2021-08-02;2021-08-10;2021-09-03;Zürich;Mittelland;2.501
683049185;683158;2021;;;2021-07-11;2021-07-22;2021-08-11;2021-08-21;;Ticino;Alpensüdflanke;2.344
672737257;683238;2021;2021-05-08;2021-06-14;2021-07-11;2021-07-21;2021-07-30;2021-08-21;2021-09-01;Zürich;Mittelland;2.534
676637976;689142;2021;2021-05-20;2021-06-12;2021-07-11;2021-07-23;2021-08-06;2021-08-24;2021-09-01;Ticino;Alpensüdflanke;2.557
680339864;689150;2021;;2021-06-12;2021-07-05;2021-07-19;2021-08-02;2021-08-13;2021-08-31;Ticino;Alpensüdflanke;2.286
678004236;689182;2021;2021-06-10;2021-06-28;2021-07-22;2021-07-24;2021-08-10;2021-08-14;2021-09-01;Uri;Alpennordflanke;2.594
673787771;689262;2021;2021-05-31;2021-06-16;2021-07-10;2021-07-21;2021-08-12;2021-08-21;2021-09-01;Zürich;Mittelland;2.428
673519852;689282;2021;2021-05-08;2021-06-01;2021-07-02;2021-07-22;2021-07-30;2021-08-14;2021-09-01;Zürich;Mittelland;2.375
673687281;695126;2021;2021-05-03;2021-06-03;2021-06-26;2021-07-17;2021-07-29;2021-08-12;2021-09-02;Ticino;Alpensüdflanke;2.614
675584678;695206;2021;2021-05-28;2021-06-14;2021-07-02;2021-07-20;2021-08-09;2021-08-15;2021-09-01;Schwyz;Alpennordflanke;2.574
673605728;695286;2021;2021-05-09;2021-06-01;2021-07-02;2021-07-20;2021-07-29;2021-08-11;2021-09-01;Schaffhausen;Mittelland;2.536
675411963;701150;2021;2021-05-14;2021-06-10;2021-07-09;2021-07-20;2021-08-02;2021-08-11;2021-08-27;Ticino;Alpensüdflanke;2.508
673257299;707094;2021;2021-05-03;2021-06-06;2021-06-26;2021-07-10;2021-07-22;2021-08-12;2021-09-13;Ticino;Alpensüdflanke;2.519
677317794;707174;2021;2021-05-31;2021-06-14;2021-07-18;2021-07-21;2021-08-09;2021-08-13;2021-09-02;Graubünden;Östliche Zentralalpen;2.611
675773776;707254;2021;2021-05-31;2021-06-16;2021-07-10;2021-07-21;2021-08-12;2021-08-21;2021-09-01;Zürich;Mittelland;2.507
676974379;713118;2021;2021-05-28;2021-06-14;2021-07-11;2021-07-19;2021-08-06;2021-08-18;2021-09-07;Ticino;Alpensüdflanke;2.441
677237924;713158;2021;2021-05-28;2021-06-13;2021-07-11;2021-07-23;2021-08-11;2021-08-15;2021-08-31;Ticino;Alpensüdflanke;2.451
681550528;713198;2021;;;2021-07-19;2021-07-23;2021-08-12;2021-08-20;;Schwyz;Alpennordflanke;1.309
673390593;713270;2021;2021-05-09;2021-06-15;2021-07-06;2021-07-19;2021-08-10;2021-08-12;2021-09-03;Thurgau;Mittelland;2.501
673868217;713278;2021;2021-05-29;2021-06-15;2021-07-11;2021-07-21;2021-08-02;2021-08-09;2021-09-01;Thurgau;Mittelland;2.523
672648756;719082;2021;2021-04-24;2021-05-30;2021-06-29;2021-07-09;2021-07-22;2021-08-12;2021-09-06;Ticino;Alpensüdflanke;2.556
673427300;719102;2021;2021-05-03;2021-06-01;2021-07-01;2021-07-17;2021-07-29;2021-08-10;2021-09-01;Ticino;Alpensüdflanke;2.51
676105831;719142;2021;2021-05-17;2021-06-15;2021-07-02;2021-07-19;2021-08-10;2021-08-20;2021-08-31;Ticino;Alpensüdflanke;2.533
675079189;719222;2022;2022-05-10;2022-06-02;2022-06-29;2022-07-24;2022-08-04;2022-08-11;2022-08-24;Glarus;Alpennordflanke;2.537
678822518;725126;2021;;2021-06-13;2021-07-02;2021-07-19;2021-08-06;2021-08-12;2021-08-26;Graubünden;Alpensüdflanke;2.574
677222083;725166;2021;2021-05-28;2021-06-13;2021-07-11;2021-07-20;2021-08-06;2021-08-12;2021-08-26;Graubünden;Östliche Zentralalpen;2.528
675851095;725246;2021;2021-05-09;2021-06-13;2021-07-10;2021-07-22;2021-08-02;2021-08-13;2021-09-01;St. Gallen;Alpennordflanke;2.488
680089313;731190;2022;;2022-06-14;2022-07-02;2022-07-17;2022-08-01;2022-08-09;2022-08-24;Graubünden;Östliche Zentralalpen;2.599
674812845;731270;2021;2021-05-31;2021-06-17;2021-07-10;2021-07-22;2021-08-09;2021-08-20;2021-09-02;Thurgau;Mittelland;2.517
673348972;737134;2021;2021-05-03;2021-06-10;2021-07-05;2021-07-20;2021-08-06;2021-08-18;2021-09-07;Graubünden;Alpensüdflanke;2.556
679568510;737214;2021;;2021-06-15;2021-07-06;2021-07-21;2021-08-10;2021-08-14;2021-09-02;St. Gallen;Alpennordflanke;2.575
677397234;743158;2021;2021-06-01;2021-06-21;2021-07-10;2021-07-23;2021-08-06;2021-08-20;2021-09-02;Graubünden;Östliche Zentralalpen;2.502
677242026;743238;2021;2021-05-30;2021-06-14;2021-07-06;2021-07-21;2021-08-10;2021-08-21;2021-09-02;Appenzell Innerrhoden;Alpennordflanke;2.572
675767612;749182;2021;2021-05-09;2021-06-14;2021-07-06;2021-07-21;2021-08-11;2021-08-20;2021-09-02;Graubünden;Östliche Zentralalpen;2.535
674904911;749262;2021;2021-05-09;2021-06-14;2021-07-11;2021-07-19;2021-07-30;2021-08-20;2021-09-01;St. Gallen;Mittelland;2.567
675944255;755206;2021;2021-05-28;2021-06-17;2021-07-06;2021-07-19;2021-07-29;2021-08-13;2021-08-25;St. Gallen;Östliche Zentralalpen;2.531
682082516;761150;2021;;;2021-07-20;2021-07-30;2021-08-12;2021-08-26;;Graubünden;Östliche Zentralalpen;1.76
673521082;767134;2021;2021-05-30;2021-06-11;2021-07-06;2021-07-19;2021-08-10;2021-08-17;2021-09-01;Graubünden;Alpensüdflanke;2.374
676108784;773198;2021;2021-05-31;2021-06-14;2021-07-06;2021-07-22;2021-08-12;2021-08-19;2021-09-01;Graubünden;Östliche Zentralalpen;2.536
673521233;785166;2021;;;2021-07-11;2021-07-20;2021-08-11;2021-08-20;;Graubünden;Östliche Zentralalpen;1.948
680000593;791190;2021;;2021-06-15;2021-07-10;2021-07-23;2021-08-12;2021-08-21;2021-09-02;Graubünden;Östliche Zentralalpen;2.458
673521174;797142;2021;;2021-06-19;2021-07-05;2021-07-20;2021-08-10;2021-08-21;2021-09-01;Graubünden;Alpensüdflanke;2.449
673521108;809182;2021;2021-05-30;2021-06-12;2021-06-26;2021-07-10;2021-07-29;2021-08-12;2021-08-26;Graubünden;Östliche Zentralalpen;2.547
702972674;503118;2022;2022-05-01;2022-06-04;2022-07-03;2022-07-22;2022-07-31;2022-08-12;2022-08-25;Genève;Mittelland;2.5
709812817;503150;2022;2022-05-14;2022-06-11;2022-07-02;2022-07-16;2022-08-01;2022-08-13;2022-08-29;Vaud;Jura;2.5
702482900;509142;2022;2022-05-09;2022-06-07;2022-07-03;2022-07-14;2022-08-02;2022-08-16;2022-08-29;Vaud;Mittelland;2.5
707830913;515158;2022;2022-05-11;2022-06-14;2022-07-03;2022-07-14;2022-08-02;2022-08-16;2022-08-29;Vaud;Jura;2.502
708776863;533190;2022;2022-05-27;2022-06-17;2022-07-08;2022-07-19;2022-08-03;2022-08-16;2022-09-05;Vaud;Jura;2.46
706509519;539174;2022;2022-05-10;2022-06-10;2022-06-25;2022-07-15;2022-07-27;2022-08-13;2022-08-25;Vaud;Mittelland;2.502
708425637;545198;2022;2022-05-18;2022-06-15;2022-07-06;2022-07-27;2022-08-03;2022-08-11;2022-08-29;Neuchâtel;Jura;2.514
706000624;557166;2022;2022-05-10;2022-06-12;2022-06-30;2022-07-15;2022-08-03;2022-08-22;2022-08-31;Fribourg;Mittelland;2.479
707895229;557206;2022;2022-05-10;2022-06-06;2022-07-05;2022-07-16;2022-07-28;2022-08-11;2022-09-01;Neuchâtel;Jura;2.461
709113922;563110;2022;;2022-06-16;2022-07-03;2022-07-21;2022-08-08;2022-08-23;2022-09-01;Valais;Westliche Zentralalpen;1.454
706422844;563190;2022;2022-05-03;2022-06-11;2022-06-26;2022-07-16;2022-07-28;2022-08-13;2022-08-29;Vaud;Mittelland;2.52
707571572;563230;2022;2022-05-12;2022-06-20;2022-07-07;2022-07-18;2022-08-04;2022-08-12;2022-08-30;Jura;Jura;2.544
707215793;569134;2022;2022-05-15;2022-06-04;2022-07-03;2022-07-19;2022-07-28;2022-08-13;2022-08-28;Vaud;Alpennordflanke;2.377
707729647;569214;2022;2022-05-11;2022-06-15;2022-07-06;2022-07-12;2022-08-03;2022-08-23;2022-08-29;Neuchâtel;Jura;2.532
706441642;569254;2022;2022-05-14;2022-06-11;2022-07-02;2022-07-16;2022-08-07;2022-08-13;2022-08-28;Jura;Jura;2.556
706608246;575158;2022;2022-05-11;2022-06-12;2022-06-30;2022-07-14;2022-08-02;2022-08-10;2022-08-24;Fribourg;Alpennordflanke;2.534
705761145;575238;2022;2022-05-10;2022-06-14;2022-07-11;2022-07-21;2022-08-10;2022-08-23;2022-09-02;Jura;Jura;2.519
707042069;581102;2022;2022-05-10;2022-06-10;2022-07-06;2022-07-15;2022-08-03;2022-08-22;2022-09-01;Valais;Westliche Zentralalpen;2.634
705489678;581182;2022;2022-05-11;2022-06-10;2022-06-30;2022-07-15;2022-08-01;2022-08-12;2022-08-29;Fribourg;Mittelland;2.647
706106279;581222;2022;2022-05-15;2022-06-11;2022-06-25;2022-07-12;2022-07-24;2022-08-11;2022-08-23;Bern;Jura;2.476
709288003;587126;2022;;2022-06-14;2022-07-07;2022-07-24;2022-08-02;2022-08-12;2022-08-29;Valais;Westliche Zentralalpen;2.438
704811181;587206;2022;2022-05-11;2022-06-11;2022-07-06;2022-07-16;2022-08-01;2022-08-21;2022-09-02;Bern;Mittelland;2.549
705402826;587246;2022;2022-05-17;2022-06-10;2022-07-03;2022-07-14;2022-08-04;2022-08-16;2022-08-25;Jura;Jura;2.634
710594216;593150;2022;;2022-06-11;2022-07-02;2022-07-18;2022-07-31;2022-08-11;2022-08-25;Bern;Alpennordflanke;2.6
708181816;593230;2022;2022-05-18;2022-06-14;2022-07-05;2022-07-15;2022-08-03;2022-08-22;2022-08-29;Bern;Jura;2.519
708167917;599174;2022;2022-05-10;2022-06-14;2022-07-06;2022-07-14;2022-08-03;2022-08-16;2022-08-25;Bern;Alpennordflanke;2.595
705660097;599250;2022;2022-05-11;2022-06-14;2022-07-03;2022-07-15;2022-08-02;2022-08-13;2022-08-29;Basel-Landschaft;Jura;2.5
706955437;599254;2022;2022-05-11;2022-05-30;2022-06-30;2022-07-12;2022-07-28;2022-08-10;2022-08-24;Solothurn;Jura;2.51
709200643;605118;2022;2022-05-18;2022-06-11;2022-07-02;2022-07-16;2022-07-31;2022-08-12;2022-08-28;Valais;Westliche Zentralalpen;2.645
704731367;605198;2022;2022-05-10;2022-06-04;2022-07-05;2022-07-16;2022-08-01;2022-08-13;2022-08-27;Bern;Mittelland;2.515
707649499;605238;2022;2022-05-11;2022-06-06;2022-07-03;2022-07-19;2022-07-28;2022-08-12;2022-08-29;Bern;Jura;2.582
713437744;611142;2022;;;2022-07-02;2022-07-19;2022-08-02;2022-08-16;;Bern;Alpennordflanke;1.866
703928053;611222;2022;2022-05-03;2022-06-02;2022-06-30;2022-07-21;2022-08-02;2022-08-16;2022-08-30;Solothurn;Mittelland;2.524
706179603;617234;2022;2022-05-02;2022-06-04;2022-06-30;2022-07-21;2022-08-02;2022-08-16;2022-08-30;Bern;Jura;2.5
707391178;617246;2022;2022-05-11;2022-06-13;2022-07-02;2022-07-22;2022-08-08;2022-08-16;2022-08-29;Solothurn;Jura;2.517
704903165;623190;2022;2022-05-02;2022-06-04;2022-07-03;2022-07-15;2022-07-30;2022-08-12;2022-08-25;Bern;Alpennordflanke;2.476
711891638;629094;2022;;;2022-07-08;2022-07-18;2022-08-02;2022-08-23;;Valais;Westliche Zentralalpen;2.125
707920737;629214;2022;2022-05-02;2022-06-04;2022-07-11;2022-07-15;2022-07-31;2022-08-13;2022-09-04;Bern;Mittelland;2.525
705396612;629254;2022;2022-05-09;2022-06-04;2022-07-03;2022-07-19;2022-07-28;2022-08-12;2022-09-02;Basel-Landschaft;Jura;2.522
707474076;635158;2022;2022-05-11;2022-06-11;2022-07-02;2022-07-14;2022-08-01;2022-08-09;2022-08-23;Bern;Alpennordflanke;2.503
705399095;635238;2022;2022-05-11;2022-06-04;2022-07-09;2022-07-14;2022-07-28;2022-08-11;2022-08-29;Aargau;Mittelland;2.541
710502549;641102;2022;;2022-06-14;2022-07-09;2022-07-16;2022-07-30;2022-08-12;2022-08-29;Valais;Westliche Zentralalpen;2.325
709025768;641182;2022;2022-05-11;2022-06-11;2022-07-02;2022-07-15;2022-08-03;2022-08-10;2022-08-25;Luzern;Alpennordflanke;2.595
706007476;641262;2022;2022-05-15;2022-06-15;2022-07-02;2022-07-21;2022-07-31;2022-08-14;2022-08-25;Aargau;Jura;2.55
708691042;647126;2022;2022-05-11;2022-06-11;2022-07-07;2022-07-21;2022-08-03;2022-08-12;2022-08-25;Valais;Westliche Zentralalpen;2.521
704878472;647206;2022;2022-05-10;2022-06-10;2022-07-10;2022-07-14;2022-07-28;2022-08-11;2022-08-28;Luzern;Alpennordflanke;2.62
707555352;653230;2022;2022-05-10;2022-06-04;2022-07-03;2022-07-18;2022-08-01;2022-08-09;2022-08-24;Luzern;Mittelland;2.406
709670626;659142;2022;2022-05-27;2022-06-17;2022-07-07;2022-07-15;2022-08-01;2022-08-11;2022-08-25;Valais;Westliche Zentralalpen;2.22
706016729;659174;2022;2022-05-10;2022-06-12;2022-07-03;2022-07-19;2022-08-04;2022-08-11;2022-08-25;Bern;Alpennordflanke;2.543
705138150;659254;2022;2022-05-02;2022-06-10;2022-07-03;2022-07-15;2022-08-02;2022-08-15;2022-09-02;Aargau;Mittelland;2.5
706176895;665198;2022;2022-05-02;2022-06-15;2022-07-06;2022-07-15;2022-07-28;2022-08-10;2022-08-28;Nidwalden;Alpennordflanke;2.467
705742623;665258;2022;2022-05-11;2022-06-14;2022-07-06;2022-07-25;2022-08-03;2022-08-15;2022-08-29;Aargau;Mittelland;2.574
706258236;671222;2022;2022-05-01;2022-06-10;2022-07-05;2022-07-21;2022-07-30;2022-08-16;2022-08-26;Aargau;Mittelland;2.489
708418371;677126;2022;2022-05-27;2022-06-17;2022-07-08;2022-07-24;2022-08-08;2022-08-20;2022-08-29;Ticino;Alpensüdflanke;2.603
706602756;677226;2022;2022-05-02;2022-06-10;2022-07-03;2022-07-18;2022-08-01;2022-08-12;2022-08-29;Zug;Mittelland;2.5
704790836;677246;2022;2022-05-12;2022-06-10;2022-07-06;2022-07-14;2022-08-04;2022-08-16;2022-08-25;Zürich;Mittelland;2.522
708684136;683150;2022;2022-05-18;2022-06-17;2022-07-09;2022-07-18;2022-07-31;2022-08-12;2022-08-25;Ticino;Alpensüdflanke;2.458
713947398;683190;2022;;;2022-07-13;2022-07-17;2022-07-24;2022-08-11;;Uri;Alpennordflanke;1.264
706268372;683250;2022;2022-05-11;2022-06-04;2022-07-11;2022-07-21;2022-07-30;2022-08-12;2022-08-29;Zürich;Mittelland;2.5
704966827;683270;2022;2022-05-02;2022-06-04;2022-07-08;2022-07-14;2022-07-28;2022-08-11;2022-08-25;Schaffhausen;Mittelland;2.528
706426555;689134;2022;2022-05-10;2022-06-10;2022-07-03;2022-07-18;2022-07-30;2022-08-11;2022-08-25;Ticino;Alpensüdflanke;2.283
707471927;689214;2022;2022-05-11;2022-06-12;2022-07-02;2022-07-14;2022-07-28;2022-08-13;2022-08-30;Schwyz;Alpennordflanke;2.536
706002027;695118;2022;2022-05-10;2022-06-14;2022-07-03;2022-07-19;2022-08-02;2022-08-16;2022-09-11;Ticino;Alpensüdflanke;2.609
712094972;695158;2022;;2022-06-14;2022-07-09;2022-07-15;2022-07-23;2022-08-10;2022-08-24;Ticino;Alpensüdflanke;2.606
704882021;695238;2022;2022-05-09;2022-05-28;2022-07-05;2022-07-15;2022-07-27;2022-08-08;2022-08-21;Zürich;Mittelland;2.495
713548742;701142;2022;;;2022-07-09;2022-07-18;2022-08-09;2022-08-21;;Ticino;Alpensüdflanke;1.408
708762595;701182;2022;2022-05-18;2022-06-11;2022-07-02;2022-07-11;2022-08-02;2022-08-10;2022-08-24;Uri;Alpennordflanke;2.675
704798969;701262;2022;2022-05-12;2022-06-17;2022-07-08;2022-07-25;2022-07-28;2022-08-23;2022-08-30;Zürich;Mittelland;2.54
709017395;707134;2022;;2022-06-12;2022-06-26;2022-07-19;2022-08-02;2022-08-16;2022-09-05;Ticino;Alpensüdflanke;2.399
709282238;707206;2022;;2022-06-12;2022-07-11;2022-07-22;2022-07-31;2022-08-23;2022-08-30;Schwyz;Alpennordflanke;2.047
706342361;707278;2022;2022-05-11;2022-06-15;2022-07-06;2022-07-18;2022-08-02;2022-08-16;2022-08-29;Thurgau;Mittelland;2.496
705302400;713110;2022;2022-05-02;2022-06-11;2022-07-02;2022-07-16;2022-07-31;2022-08-14;2022-09-01;Ticino;Alpensüdflanke;2.502
707319272;713150;2022;2022-05-17;2022-06-10;2022-06-25;2022-07-10;2022-07-22;2022-08-09;2022-08-21;Ticino;Alpensüdflanke;2.52
712561652;713190;2022;;;2022-07-13;2022-07-22;2022-08-03;2022-08-11;;Glarus;Alpennordflanke;1.635
707646507;719134;2022;2022-05-10;2022-06-04;2022-07-02;2022-07-16;2022-07-31;2022-08-13;2022-08-24;Ticino;Alpensüdflanke;2.614
710416102;719174;2022;;2022-06-12;2022-07-03;2022-07-22;2022-08-04;2022-08-09;2022-08-23;Graubünden;Östliche Zentralalpen;2.527
707307532;719254;2022;2022-05-21;2022-06-15;2022-07-13;2022-07-22;2022-08-01;2022-08-24;2022-09-02;St. Gallen;Mittelland;2.531
706169387;725086;2022;2022-05-09;2022-06-16;2022-07-10;2022-07-24;2022-08-09;2022-08-21;2022-09-04;Ticino;Alpensüdflanke;2.586
706348577;725118;2022;2022-05-01;2022-06-06;2022-07-03;2022-07-15;2022-07-30;2022-08-12;2022-09-01;Ticino;Alpensüdflanke;2.48
712749157;725198;2022;;;2022-07-13;2022-07-19;2022-08-03;2022-08-16;;Glarus;Alpennordflanke;2.353
706182229;725270;2022;2022-05-12;2022-06-17;2022-07-06;2022-07-22;2022-08-03;2022-08-16;2022-09-04;Thurgau;Mittelland;2.557
706010118;725278;2022;2022-05-15;2022-06-17;2022-07-14;2022-07-22;2022-08-04;2022-08-12;2022-08-29;Thurgau;Mittelland;2.525
712662337;731150;2022;;;2022-07-02;2022-07-17;2022-07-24;2022-08-09;;Graubünden;Östliche Zentralalpen;2.002
707297239;731222;2022;2022-05-10;2022-06-04;2022-06-26;2022-07-12;2022-07-24;2022-08-08;2022-08-23;St. Gallen;Alpennordflanke;2.522
711185412;737166;2022;;2022-06-12;2022-07-11;2022-07-18;2022-07-31;2022-08-13;2022-08-28;Graubünden;Östliche Zentralalpen;2.459
707389149;737246;2022;2022-05-11;2022-06-18;2022-07-11;2022-07-19;2022-08-02;2022-08-24;2022-08-30;Appenzell Ausserrhoden;Alpennordflanke;2.45
708519054;743190;2022;2022-05-11;2022-06-10;2022-06-25;2022-07-09;2022-07-25;2022-08-09;2022-08-22;Graubünden;Östliche Zentralalpen;2.464
705230477;743270;2022;2022-05-15;2022-06-17;2022-07-14;2022-07-22;2022-08-04;2022-08-12;2022-08-29;Thurgau;Mittelland;2.526
706344929;749214;2022;2022-05-10;2022-06-12;2022-07-09;2022-07-22;2022-08-04;2022-08-22;2022-09-02;St. Gallen;Alpennordflanke;2.49
710584567;755158;2022;;2022-06-18;2022-06-30;2022-07-19;2022-08-09;2022-08-11;2022-08-24;Graubünden;Östliche Zentralalpen;2.457
707633734;755238;2022;2022-05-15;2022-06-14;2022-07-09;2022-07-17;2022-08-03;2022-08-23;2022-09-02;St. Gallen;Alpennordflanke;2.501
707380438;761182;2022;2022-05-10;2022-06-06;2022-07-06;2022-07-18;2022-08-02;2022-08-10;2022-08-23;Graubünden;Östliche Zentralalpen;2.535
706261002;761202;2022;2022-05-10;2022-06-12;2022-07-08;2022-07-18;2022-08-02;2022-08-14;2022-08-26;Graubünden;Östliche Zentralalpen;2.5
709189462;767174;2022;2022-05-10;2022-06-15;2022-07-03;2022-07-18;2022-08-03;2022-08-12;2022-08-24;Graubünden;Östliche Zentralalpen;2.524
705141102;767206;2022;2022-05-11;2022-06-14;2022-07-03;2022-07-15;2022-08-03;2022-08-12;2022-08-29;Graubünden;Östliche Zentralalpen;2.556
714601424;773150;2022;;;2022-07-02;2022-07-18;2022-08-04;2022-08-12;;Graubünden;Östliche Zentralalpen;1.762
709591837;779142;2022;2022-05-14;2022-06-04;2022-07-02;2022-07-15;2022-07-24;2022-08-13;2022-08-25;Graubünden;Östliche Zentralalpen;2.527
709022276;779174;2022;;2022-06-12;2022-07-09;2022-07-24;2022-08-02;2022-08-14;2022-08-24;Graubünden;Östliche Zentralalpen;2.577
709886923;785198;2022;;2022-06-14;2022-07-02;2022-07-24;2022-08-02;2022-08-11;2022-08-28;Graubünden;Östliche Zentralalpen;2.453
710772970;797134;2022;;2022-06-11;2022-07-02;2022-07-16;2022-07-31;2022-08-09;2022-08-22;Graubünden;Alpensüdflanke;2.475
709881277;797166;2022;2022-05-26;2022-06-18;2022-07-02;2022-07-16;2022-08-03;2022-08-11;2022-08-29;Graubünden;Östliche Zentralalpen;2.518
732284777;497118;2023;2023-05-06;2023-06-02;2023-07-04;2023-07-16;2023-07-30;2023-08-14;2023-09-03;Genève;Mittelland;2.475
737277326;503142;2023;2023-05-06;2023-06-02;2023-07-04;2023-07-16;2023-07-30;2023-08-14;2023-09-03;Vaud;Jura;2.509
741256045;509166;2023;2023-05-29;2023-06-14;2023-07-04;2023-07-20;2023-08-09;2023-08-15;2023-09-01;Vaud;Jura;2.519
737807368;521174;2023;2023-05-26;2023-06-15;2023-07-07;2023-07-20;2023-07-31;2023-08-18;2023-09-03;Vaud;Jura;2.496
736586613;527158;2023;2023-05-22;2023-06-07;2023-07-07;2023-07-19;2023-07-31;2023-08-14;2023-09-02;Vaud;Mittelland;2.505
739434392;527198;2023;2023-05-22;2023-06-06;2023-07-06;2023-07-22;2023-08-09;2023-08-14;2023-09-04;Neuchâtel;Jura;2.478
737029865;533182;2023;2023-05-04;2023-06-02;2023-07-04;2023-07-15;2023-07-28;2023-08-16;2023-09-01;Vaud;Mittelland;2.473
737634808;545150;2023;2023-05-03;2023-06-02;2023-07-03;2023-07-16;2023-08-10;2023-08-16;2023-09-02;Vaud;Mittelland;2.557
737624910;545190;2023;2023-05-04;2023-06-05;2023-07-03;2023-07-14;2023-07-31;2023-08-11;2023-09-01;Vaud;Jura;2.54
736938108;551174;2023;2023-05-04;2023-05-31;2023-06-28;2023-07-20;2023-07-31;2023-08-16;2023-08-24;Vaud;Mittelland;2.422
738931211;551214;2023;2023-05-26;2023-06-07;2023-07-07;2023-07-20;2023-08-10;2023-08-16;2023-09-05;Neuchâtel;Jura;2.529
739009488;557118;2023;2023-05-26;2023-06-07;2023-07-07;2023-07-18;2023-07-27;2023-08-13;2023-09-01;Valais;Alpennordflanke;2.493
739604983;563142;2023;2023-05-27;2023-06-12;2023-07-04;2023-07-14;2023-08-11;2023-08-18;2023-09-01;Vaud;Alpennordflanke;2.613
739017610;563222;2023;2023-05-27;2023-06-09;2023-07-06;2023-07-23;2023-07-31;2023-08-11;2023-09-01;Bern;Jura;2.528
738391973;569166;2023;2023-05-04;2023-06-01;2023-06-29;2023-07-18;2023-07-27;2023-08-13;2023-09-01;Fribourg;Alpennordflanke;2.502
737968187;569246;2023;2023-05-26;2023-06-05;2023-07-05;2023-07-27;2023-08-10;2023-08-21;2023-09-04;Jura;Jura;2.549
735816215;575110;2023;2023-05-04;2023-05-27;2023-06-28;2023-07-06;2023-07-30;2023-08-12;2023-09-02;Valais;Westliche Zentralalpen;2.504
736587143;575190;2023;2023-05-03;2023-06-05;2023-07-08;2023-07-17;2023-07-28;2023-08-18;2023-09-01;Fribourg;Mittelland;2.516
738842778;575230;2023;2023-05-22;2023-06-06;2023-07-14;2023-07-19;2023-08-11;2023-08-16;2023-09-06;Bern;Jura;2.553
739354215;581134;2023;;2023-06-02;2023-07-07;2023-07-23;2023-08-10;2023-08-20;2023-09-03;Vaud;Alpennordflanke;2.496
733933794;587118;2023;2023-04-27;2023-05-26;2023-06-24;2023-07-13;2023-07-28;2023-08-07;2023-09-05;Valais;Westliche Zentralalpen;2.5
740472825;587158;2023;;2023-06-17;2023-07-07;2023-07-15;2023-08-10;2023-08-18;2023-08-21;Bern;Alpennordflanke;2.513
737878908;587238;2023;2023-05-22;2023-06-02;2023-07-07;2023-07-18;2023-08-10;2023-08-16;2023-09-04;Jura;Jura;2.508
738064253;593182;2023;2023-05-03;2023-06-05;2023-07-08;2023-07-17;2023-07-28;2023-08-18;2023-09-01;Bern;Mittelland;2.525
738144575;599126;2023;2023-05-22;2023-06-06;2023-07-03;2023-07-16;2023-08-10;2023-08-22;2023-09-05;Valais;Westliche Zentralalpen;2.615
737645377;599206;2023;2023-05-04;2023-06-06;2023-07-07;2023-07-15;2023-08-08;2023-08-22;2023-09-02;Bern;Mittelland;2.503
737799783;599246;2023;2023-05-27;2023-06-07;2023-07-07;2023-07-19;2023-08-10;2023-08-16;2023-09-03;Jura;Jura;2.576
743934394;605150;2023;;2023-06-14;2023-07-04;2023-07-20;2023-07-31;2023-08-11;2023-08-24;Bern;Alpennordflanke;2.332
736592306;605230;2023;2023-05-06;2023-06-02;2023-07-06;2023-07-15;2023-08-07;2023-08-16;2023-09-03;Solothurn;Jura;2.519
736604753;611174;2023;2023-05-05;2023-06-03;2023-07-01;2023-07-16;2023-07-27;2023-08-10;2023-08-24;Bern;Mittelland;2.514
735809184;611254;2023;2023-05-22;2023-06-06;2023-07-06;2023-07-15;2023-08-08;2023-08-11;2023-09-02;Basel-Landschaft;Jura;2.5
744810718;617118;2023;;;2023-07-04;2023-07-22;2023-07-31;2023-08-15;;Valais;Westliche Zentralalpen;2.172
737472876;617198;2023;2023-05-04;2023-06-06;2023-07-07;2023-07-14;2023-08-10;2023-08-13;2023-09-01;Bern;Mittelland;2.51
738835304;617238;2023;2023-05-04;2023-05-28;2023-06-25;2023-07-13;2023-07-23;2023-08-15;2023-08-25;Solothurn;Jura;2.509
737531167;623222;2023;2023-05-02;2023-05-28;2023-06-25;2023-07-16;2023-07-28;2023-08-14;2023-08-23;Bern;Mittelland;2.51
736415785;623262;2023;2023-05-04;2023-06-06;2023-07-07;2023-07-15;2023-08-08;2023-08-21;2023-09-02;Basel-Landschaft;Jura;2.492
740905554;629166;2023;2023-05-30;2023-06-12;2023-07-09;2023-07-14;2023-07-31;2023-08-11;2023-08-21;Bern;Alpennordflanke;2.505
738229970;629246;2023;2023-05-06;2023-06-05;2023-06-28;2023-07-14;2023-08-10;2023-08-18;2023-09-06;Basel-Landschaft;Jura;2.507
743844346;635110;2023;;;2023-07-03;2023-07-27;2023-08-10;2023-08-22;;Valais;Westliche Zentralalpen;0.888
744975575;635150;2023;;;2023-07-09;2023-07-18;2023-08-11;2023-08-20;;Bern;Alpennordflanke;1.523
737811816;635190;2023;2023-05-26;2023-06-11;2023-07-08;2023-07-15;2023-08-13;2023-08-19;2023-09-02;Luzern;Alpennordflanke;2.502
743757604;641110;2023;;;2023-07-09;2023-07-20;2023-08-10;2023-08-19;;Valais;Westliche Zentralalpen;2.125
738221962;641134;2023;2023-05-03;2023-06-06;2023-07-06;2023-07-17;2023-07-31;2023-08-11;2023-09-06;Valais;Westliche Zentralalpen;2.511
738072344;641214;2023;2023-05-04;2023-06-02;2023-07-04;2023-07-15;2023-08-08;2023-08-14;2023-09-02;Luzern;Mittelland;2.516
737277004;641254;2023;2023-05-04;2023-06-01;2023-07-06;2023-07-19;2023-08-08;2023-08-19;2023-09-03;Aargau;Jura;2.543
738144681;647238;2023;2023-05-04;2023-06-02;2023-07-07;2023-07-15;2023-08-08;2023-08-16;2023-09-01;Aargau;Mittelland;2.5
739357853;653182;2023;2023-05-22;2023-06-14;2023-06-28;2023-07-15;2023-07-31;2023-08-11;2023-08-24;Obwalden;Alpennordflanke;2.531
738069696;653262;2023;2023-05-03;2023-06-03;2023-07-08;2023-07-15;2023-08-08;2023-08-23;2023-09-06;Aargau;Mittelland;2.507
739428689;659206;2023;2023-05-21;2023-06-06;2023-07-07;2023-07-14;2023-08-10;2023-08-18;2023-09-01;Luzern;Alpennordflanke;2.53
736500243;659246;2023;2023-05-04;2023-06-05;2023-06-27;2023-07-14;2023-08-10;2023-08-16;2023-09-01;Aargau;Mittelland;2.463
739623611;665150;2023;2023-05-26;2023-06-15;2023-07-10;2023-07-23;2023-08-08;2023-08-20;2023-09-01;Valais;Westliche Zentralalpen;2.528
735899640;665210;2023;2023-05-04;2023-06-02;2023-07-06;2023-07-15;2023-08-10;2023-08-16;2023-09-02;Luzern;Alpennordflanke;2.491
738333550;665230;2023;2023-05-04;2023-06-09;2023-07-07;2023-07-20;2023-08-10;2023-08-21;2023-09-05;Luzern;Mittelland;2.505
744372809;671174;2023;;;2023-07-07;2023-07-14;2023-08-10;2023-08-13;;Bern;Alpennordflanke;1.401
737113290;671254;2023;2023-05-22;2023-06-09;2023-07-09;2023-07-18;2023-08-03;2023-08-14;2023-09-01;Zürich;Mittelland;2.472
740132854;677198;2023;2023-05-22;2023-06-06;2023-07-09;2023-07-23;2023-07-31;2023-08-11;2023-09-01;Nidwalden;Alpennordflanke;2.533
736429968;677278;2023;2023-05-26;2023-06-18;2023-07-10;2023-07-19;2023-08-08;2023-08-24;2023-09-05;Schaffhausen;Mittelland;2.528
740038805;683142;2023;2023-05-22;2023-06-06;2023-07-03;2023-07-17;2023-07-31;2023-08-11;2023-08-23;Ticino;Alpensüdflanke;2.562
738413747;683222;2023;2023-05-04;2023-06-06;2023-07-07;2023-07-14;2023-08-10;2023-08-18;2023-09-01;Zug;Mittelland;2.528
736599537;683262;2023;2023-05-04;2023-06-01;2023-06-27;2023-07-14;2023-08-08;2023-08-17;2023-09-05;Zürich;Mittelland;2.623
741256054;689126;2023;2023-05-26;2023-06-17;2023-07-10;2023-07-20;2023-07-30;2023-08-11;2023-09-04;Ticino;Alpensüdflanke;2.511
741601498;689166;2023;;2023-06-02;2023-07-07;2023-07-15;2023-07-27;2023-08-10;2023-08-20;Uri;Östliche Zentralalpen;2.502
736335363;689206;2023;2023-05-04;2023-05-29;2023-06-28;2023-07-11;2023-07-23;2023-08-08;2023-08-21;Schwyz;Alpennordflanke;2.5
736948772;689246;2023;2023-05-21;2023-06-05;2023-07-10;2023-07-15;2023-08-02;2023-08-20;2023-09-03;Zürich;Mittelland;2.524
740845667;695110;2023;2023-06-01;2023-06-19;2023-07-07;2023-07-26;2023-08-10;2023-08-23;2023-09-06;Ticino;Alpensüdflanke;2.597
741338067;695150;2023;2023-05-23;2023-06-12;2023-07-07;2023-07-17;2023-08-06;2023-08-18;2023-09-04;Ticino;Alpensüdflanke;2.492
739272865;695190;2023;2023-05-26;2023-06-07;2023-06-29;2023-07-14;2023-07-31;2023-08-16;2023-08-22;Uri;Alpennordflanke;2.543
736678662;695270;2023;2023-05-22;2023-06-07;2023-07-14;2023-07-23;2023-08-10;2023-08-21;2023-09-06;Zürich;Mittelland;2.501
739348478;701134;2023;2023-05-15;2023-06-02;2023-07-02;2023-07-18;2023-07-30;2023-08-12;2023-09-02;Ticino;Alpensüdflanke;2.624
740061730;701214;2023;2023-05-25;2023-06-14;2023-07-07;2023-07-14;2023-07-31;2023-08-18;2023-09-04;Schwyz;Alpennordflanke;2.429
737020631;701234;2023;2023-05-03;2023-06-06;2023-07-04;2023-07-09;2023-07-31;2023-08-14;2023-09-01;Zürich;Mittelland;2.499
737453522;707118;2023;2023-05-03;2023-06-11;2023-07-04;2023-07-20;2023-07-30;2023-08-16;2023-09-01;Ticino;Alpensüdflanke;2.526
737804860;707238;2023;2023-05-04;2023-06-03;2023-07-04;2023-07-17;2023-08-03;2023-08-20;2023-09-06;Zürich;Mittelland;2.527
737627723;713102;2023;2023-05-15;2023-06-08;2023-07-09;2023-07-17;2023-07-31;2023-08-18;2023-09-04;Ticino;Alpensüdflanke;2.565
740305404;713142;2023;2023-05-15;2023-06-16;2023-07-09;2023-07-13;2023-07-28;2023-08-16;2023-08-20;Ticino;Alpensüdflanke;2.493
745747848;713182;2023;;;2023-07-07;2023-07-11;2023-07-31;2023-08-12;;Graubünden;Östliche Zentralalpen;1.878
737639350;713262;2023;2023-05-04;2023-06-04;2023-07-04;2023-07-17;2023-07-30;2023-08-13;2023-09-07;Thurgau;Mittelland;2.51
736525536;719126;2023;2023-04-26;2023-06-02;2023-06-26;2023-07-10;2023-07-22;2023-08-11;2023-09-06;Ticino;Alpensüdflanke;2.502
741509814;725110;2023;;2023-06-11;2023-07-02;2023-07-22;2023-08-06;2023-08-20;2023-09-03;Ticino;Alpensüdflanke;2.603
745226357;725150;2023;;;2023-07-11;2023-07-17;2023-08-10;2023-08-20;;Graubünden;Östliche Zentralalpen;1.661
739973534;725230;2023;2023-05-31;2023-06-18;2023-07-09;2023-07-20;2023-08-10;2023-08-19;2023-09-05;St. Gallen;Alpennordflanke;2.618
740123540;731134;2023;;2023-06-17;2023-07-09;2023-07-16;2023-08-09;2023-08-18;2023-08-21;Graubünden;Alpensüdflanke;2.529
739092638;731174;2023;2023-05-22;2023-06-06;2023-07-10;2023-07-17;2023-07-28;2023-08-10;2023-09-02;Graubünden;Östliche Zentralalpen;2.448
738227409;731254;2023;2023-05-22;2023-06-09;2023-07-09;2023-07-14;2023-07-31;2023-08-11;2023-09-01;St. Gallen;Mittelland;2.533
743843075;737158;2023;;2023-06-18;2023-07-08;2023-07-15;2023-08-10;2023-08-19;2023-08-22;Graubünden;Östliche Zentralalpen;2.328
738054657;743222;2023;2023-05-27;2023-06-09;2023-07-07;2023-07-18;2023-07-31;2023-08-11;2023-09-02;St. Gallen;Alpennordflanke;2.461
738745950;749166;2023;2023-05-27;2023-06-06;2023-07-10;2023-07-15;2023-08-11;2023-08-22;2023-08-25;Graubünden;Östliche Zentralalpen;2.531
739455130;749246;2023;2023-05-27;2023-06-15;2023-07-10;2023-07-18;2023-08-10;2023-08-19;2023-08-23;Appenzell Innerrhoden;Alpennordflanke;2.448
744967433;755142;2023;;;2023-07-09;2023-07-17;2023-08-10;2023-08-18;;Graubünden;Östliche Zentralalpen;1.234
735807313;755190;2023;2023-05-03;2023-06-06;2023-07-04;2023-07-14;2023-08-02;2023-08-12;2023-08-24;Graubünden;Östliche Zentralalpen;2.609
736328457;761134;2023;2023-05-03;2023-06-15;2023-07-08;2023-07-16;2023-07-31;2023-08-11;2023-09-04;Graubünden;Alpensüdflanke;2.548
739614076;767158;2023;2023-05-29;2023-06-19;2023-07-04;2023-07-22;2023-08-10;2023-08-20;2023-09-02;Graubünden;Östliche Zentralalpen;2.497
741074608;773182;2023;;2023-06-09;2023-07-07;2023-07-15;2023-07-31;2023-08-11;2023-08-22;Graubünden;Östliche Zentralalpen;2.552
741075257;779206;2023;;2023-06-12;2023-07-09;2023-07-20;2023-07-31;2023-08-19;2023-09-05;Graubünden;Östliche Zentralalpen;2.399
741253240;785150;2023;;2023-06-12;2023-07-09;2023-07-20;2023-07-30;2023-08-11;2023-08-20;Graubünden;Östliche Zentralalpen;2.587
740650561;803142;2023;;2023-06-17;2023-06-25;2023-07-09;2023-07-23;2023-08-10;2023-08-20;Graubünden;Alpensüdflanke;2.269
739543525;809126;2023;2023-05-15;2023-06-01;2023-07-07;2023-07-15;2023-07-30;2023-08-10;2023-08-22;Graubünden;Alpensüdflanke;2.598
742377485;815190;2023;;2023-06-14;2023-07-07;2023-07-19;2023-08-11;2023-08-20;2023-08-23;Graubünden;Östliche Zentralalpen;2.505
771222816;509158;2024;2024-06-04;2024-06-18;2024-07-05;2024-07-20;2024-08-03;2024-08-22;2024-09-03;Vaud;Jura;2.502
771333024;521166;2024;2024-05-12;2024-06-05;2024-07-08;2024-07-20;2024-07-30;2024-08-19;2024-08-30;Vaud;Jura;2.536
770548712;527190;2024;2024-05-11;2024-06-18;2024-07-08;2024-07-20;2024-08-06;2024-08-19;2024-08-29;Neuchâtel;Jura;2.529
769069582;539158;2024;2024-05-12;2024-06-04;2024-07-08;2024-07-20;2024-07-30;2024-08-19;2024-08-30;Vaud;Mittelland;2.568
770195869;539198;2024;2024-04-30;2024-06-06;2024-07-09;2024-07-17;2024-07-30;2024-08-17;2024-08-29;Neuchâtel;Jura;2.522
768813481;545182;2024;2024-05-10;2024-06-04;2024-07-11;2024-07-25;2024-08-05;2024-08-15;2024-09-02;Vaud;Mittelland;2.509
770967255;551206;2024;2024-05-11;2024-06-18;2024-07-08;2024-07-20;2024-08-06;2024-08-22;2024-08-29;Neuchâtel;Jura;2.535
768464978;557150;2024;2024-05-10;2024-06-05;2024-06-27;2024-07-17;2024-08-06;2024-08-16;2024-09-01;Vaud;Alpennordflanke;2.507
768306502;563174;2024;2024-05-11;2024-06-13;2024-07-11;2024-07-26;2024-08-04;2024-08-16;2024-08-27;Fribourg;Mittelland;2.525
770280223;563214;2024;2024-04-30;2024-06-06;2024-07-05;2024-07-14;2024-08-04;2024-08-13;2024-08-28;Neuchâtel;Jura;2.513
770822832;569118;2024;2024-05-11;2024-06-13;2024-06-28;2024-07-17;2024-07-29;2024-08-13;2024-08-24;Vaud;Alpennordflanke;2.517
767695020;569198;2024;2024-05-10;2024-06-06;2024-06-28;2024-07-14;2024-07-25;2024-08-11;2024-08-28;Vaud;Mittelland;2.551
770384114;569238;2024;2024-05-10;2024-06-10;2024-06-29;2024-07-14;2024-07-29;2024-08-20;2024-08-30;Jura;Jura;2.514
772194122;575142;2024;2024-05-28;2024-06-18;2024-07-09;2024-07-19;2024-07-30;2024-08-15;2024-08-27;Vaud;Alpennordflanke;2.493
768638696;575182;2024;2024-05-10;2024-06-04;2024-07-11;2024-07-25;2024-08-05;2024-08-15;2024-09-07;Fribourg;Mittelland;2.501
772624789;575222;2024;2024-05-28;2024-06-12;2024-07-05;2024-07-18;2024-07-29;2024-08-22;2024-08-28;Bern;Jura;2.636
770967280;581086;2024;2024-05-25;2024-06-18;2024-07-04;2024-07-18;2024-07-28;2024-08-13;2024-08-31;Valais;Westliche Zentralalpen;2.528
770898450;581166;2024;2024-04-30;2024-06-06;2024-07-05;2024-07-17;2024-07-30;2024-08-09;2024-08-24;Fribourg;Alpennordflanke;2.499
770555655;581246;2024;2024-05-11;2024-06-10;2024-07-05;2024-07-26;2024-08-05;2024-08-20;2024-08-27;Jura;Jura;2.502
770892857;587110;2024;2024-05-19;2024-06-16;2024-07-05;2024-07-16;2024-07-30;2024-08-20;2024-08-28;Valais;Westliche Zentralalpen;2.537
776165011;587134;2024;;2024-07-08;2024-07-19;2024-07-26;2024-08-05;;;Valais;Alpennordflanke;2.193
769330737;587190;2024;2024-04-30;2024-06-13;2024-07-05;2024-07-17;2024-07-30;2024-08-12;2024-08-29;Fribourg;Mittelland;2.529
770459654;587230;2024;2024-05-19;2024-06-18;2024-07-08;2024-07-27;2024-08-06;2024-08-22;2024-08-29;Bern;Jura;2.514
768978719;593214;2024;2024-05-10;2024-06-10;2024-07-08;2024-07-25;2024-08-05;2024-08-16;2024-08-29;Bern;Mittelland;2.527
772466456;599158;2024;;2024-06-18;2024-07-14;2024-07-19;2024-07-30;2024-08-11;2024-08-29;Bern;Alpennordflanke;2.6
767209805;599198;2024;2024-05-10;2024-06-04;2024-07-08;2024-07-20;2024-07-26;2024-08-12;2024-08-27;Bern;Mittelland;2.5
770191017;599238;2024;2024-05-10;2024-06-10;2024-07-05;2024-07-19;2024-08-06;2024-08-24;2024-09-02;Bern;Jura;2.469
772870194;605102;2024;2024-05-19;2024-06-06;2024-07-05;2024-07-18;2024-07-30;2024-08-16;2024-08-29;Valais;Westliche Zentralalpen;2.329
768854644;605182;2024;2024-04-30;2024-06-06;2024-07-08;2024-07-18;2024-07-29;2024-08-12;2024-08-31;Bern;Mittelland;2.532
768476531;605262;2024;2024-04-30;2024-06-13;2024-07-08;2024-07-25;2024-08-05;2024-08-16;2024-08-28;Basel-Landschaft;Mittelland;2.519
768560440;611126;2024;2024-04-29;2024-06-05;2024-06-27;2024-07-11;2024-07-26;2024-08-12;2024-09-18;Valais;Westliche Zentralalpen;2.554
769252305;611206;2024;2024-04-29;2024-06-05;2024-07-08;2024-07-24;2024-08-05;2024-08-13;2024-09-02;Bern;Mittelland;2.523
770197573;611246;2024;2024-05-11;2024-06-10;2024-07-09;2024-07-18;2024-07-31;2024-08-11;2024-08-28;Solothurn;Jura;2.485
769504046;617150;2024;2024-06-05;2024-06-18;2024-06-27;2024-07-18;2024-07-26;2024-08-10;2024-08-23;Bern;Alpennordflanke;2.5
767863036;617170;2024;2024-04-27;2024-06-06;2024-07-11;2024-07-18;2024-08-04;2024-08-22;2024-08-31;Bern;Alpennordflanke;2.5
768467940;617230;2024;2024-04-29;2024-06-05;2024-07-08;2024-07-24;2024-08-05;2024-08-13;2024-09-02;Bern;Mittelland;2.501
773758827;623094;2024;;2024-06-18;2024-07-04;2024-07-17;2024-08-05;2024-08-21;2024-08-28;Valais;Westliche Zentralalpen;2.705
771148563;623174;2024;2024-05-10;2024-06-13;2024-07-05;2024-07-19;2024-07-29;2024-08-11;2024-08-24;Bern;Alpennordflanke;2.566
768899865;623254;2024;2024-04-27;2024-06-06;2024-07-09;2024-07-19;2024-07-29;2024-08-12;2024-08-29;Basel-Landschaft;Jura;2.5
771068775;629118;2024;2024-05-10;2024-06-05;2024-07-04;2024-07-17;2024-07-29;2024-08-12;2024-09-03;Valais;Westliche Zentralalpen;2.591
778236682;629158;2024;;;2024-07-09;2024-07-18;2024-07-29;2024-08-23;;Bern;Alpennordflanke;2.238
768899845;629198;2024;2024-04-27;2024-06-05;2024-06-28;2024-07-14;2024-07-30;2024-08-12;2024-08-27;Bern;Alpennordflanke;2.5
768998210;635222;2024;2024-04-27;2024-06-04;2024-07-04;2024-07-15;2024-07-29;2024-08-12;2024-09-02;Luzern;Mittelland;2.515
769765421;635262;2024;2024-05-12;2024-06-12;2024-07-08;2024-07-17;2024-07-26;2024-08-10;2024-08-22;Aargau;Jura;2.53
772185506;641166;2024;2024-05-26;2024-06-18;2024-07-05;2024-07-18;2024-07-25;2024-04-07;2024-08-23;Bern;Alpennordflanke;2.374
767690913;641246;2024;2024-04-27;2024-06-06;2024-07-09;2024-07-19;2024-07-29;2024-08-12;2024-08-29;Solothurn;Mittelland;2.516
773840280;647110;2024;;2024-06-13;2024-07-08;2024-07-23;2024-08-05;2024-08-22;2024-08-28;Valais;Alpensüdflanke;2.56
771136825;647190;2024;2024-05-10;2024-06-06;2024-07-05;2024-07-18;2024-07-30;2024-08-13;2024-08-27;Luzern;Alpennordflanke;2.456
774881310;653134;2024;;2024-06-19;2024-07-14;2024-07-19;2024-08-06;2024-08-20;2024-08-27;Valais;Westliche Zentralalpen;2.267
768921039;653214;2024;2024-04-27;2024-06-05;2024-07-04;2024-07-17;2024-07-31;2024-08-14;2024-08-28;Luzern;Mittelland;2.533
769686239;653254;2024;2024-05-04;2024-05-28;2024-06-25;2024-07-11;2024-07-24;2024-08-10;2024-08-21;Aargau;Jura;2.503
767781817;659238;2024;2024-04-29;2024-06-04;2024-06-25;2024-07-14;2024-07-26;2024-08-11;2024-08-28;Aargau;Mittelland;2.031
773043784;665182;2024;;2024-06-18;2024-06-29;2024-07-18;2024-07-29;2024-08-11;2024-08-23;Obwalden;Alpennordflanke;2.524
768557516;665262;2024;2024-05-09;2024-05-28;2024-06-25;2024-07-11;2024-07-23;2024-08-09;2024-08-28;Aargau;Mittelland;2.542
768468507;677230;2024;2024-05-01;2024-06-13;2024-06-29;2024-07-14;2024-07-30;2024-08-13;2024-08-28;Zürich;Mittelland;2.545
773478751;683174;2024;;2024-06-19;2024-07-09;2024-07-18;2024-07-25;2024-08-20;2024-08-24;Uri;Alpennordflanke;2.146
769683204;683254;2024;2024-04-27;2024-06-04;2024-06-27;2024-07-19;2024-07-31;2024-08-16;2024-08-28;Zürich;Mittelland;2.444
768812923;689198;2024;2024-05-10;2024-06-06;2024-06-27;2024-07-15;2024-07-26;2024-08-10;2024-08-20;Uri;Alpennordflanke;1.623
769604389;689238;2024;2024-04-30;2024-06-06;2024-06-25;2024-07-19;2024-07-30;2024-08-16;2024-08-28;Zürich;Mittelland;2.53
769252198;689278;2024;2024-05-11;2024-06-04;2024-06-27;2024-07-14;2024-07-26;2024-08-09;2024-08-27;Zürich;Mittelland;2.528
772522981;695142;2025;2025-05-18;2025-06-19;2025-07-10;2025-07-29;2025-08-05;2025-08-23;2025-08-31;Ticino;Alpensüdflanke;2.497
769775972;695222;2024;2024-04-30;2024-06-05;2024-07-05;2024-07-19;2024-07-29;2024-08-13;2024-08-23;Schwyz;Alpennordflanke;2.511
773740850;701126;2024;;2024-06-13;2024-07-02;2024-07-18;2024-08-03;2024-08-12;2024-08-28;Ticino;Alpensüdflanke;2.605
772087373;701166;2024;2024-05-19;2024-06-18;2024-07-09;2024-07-20;2024-08-05;2024-08-20;2024-08-29;Graubünden;Östliche Zentralalpen;2.495
768471718;701266;2024;2024-04-30;2024-06-04;2024-07-08;2024-07-19;2024-07-29;2024-08-12;2024-08-29;Zürich;Mittelland;2.486
767343987;707110;2024;2024-04-14;2024-05-28;2024-07-01;2024-07-11;2024-07-22;2024-08-11;2024-09-18;Ticino;Alpensüdflanke;2.207
772186232;707150;2024;;2024-06-19;2024-07-09;2024-07-25;2024-08-04;2024-08-20;2024-08-28;Ticino;Alpensüdflanke;2.55
777025286;707190;2024;;;2024-07-05;2024-07-20;2024-07-29;2024-08-20;;Uri;Alpennordflanke;2.089
768395062;707270;2024;2024-04-30;2024-06-04;2024-07-08;2024-07-19;2024-07-29;2024-08-12;2024-08-29;Thurgau;Mittelland;2.595
769503742;713134;2024;2024-04-25;2024-05-28;2024-06-27;2024-07-14;2024-07-29;2024-08-12;2024-09-01;Ticino;Alpensüdflanke;2.612
772891427;713214;2025;2025-05-19;2025-06-10;2025-06-28;2025-07-12;2025-08-09;2025-08-14;2025-08-24;Schwyz;Alpennordflanke;2.383
767778754;719078;2024;2024-04-13;2024-05-26;2024-06-27;2024-07-04;2024-07-24;2024-08-08;2024-09-10;Ticino;Alpensüdflanke;2.52
769671841;719118;2024;2024-05-10;2024-06-07;2024-07-02;2024-07-20;2024-08-02;2024-08-13;2024-09-03;Ticino;Alpensüdflanke;2.513
773815466;719158;2024;;2024-06-19;2024-07-05;2024-07-25;2024-08-05;2024-08-11;2024-08-29;Ticino;Alpensüdflanke;2.378
770891361;719238;2024;2024-05-26;2024-06-18;2024-07-05;2024-07-19;2024-07-26;2024-08-15;2024-08-28;St. Gallen;Alpennordflanke;2.621
772350003;725102;2024;2024-05-10;2024-06-05;2024-07-02;2024-07-15;2024-07-28;2024-08-14;2024-08-28;Ticino;Alpensüdflanke;2.502
773394658;725142;2024;2024-05-26;2024-06-18;2024-07-09;2024-07-15;2024-08-05;2024-08-12;2024-08-28;Ticino;Alpensüdflanke;2.468
772095114;725182;2024;2024-05-20;2024-06-18;2024-07-04;2024-07-14;2024-08-05;2024-08-12;2024-08-24;Graubünden;Östliche Zentralalpen;2.55
770903460;725262;2024;2024-05-01;2024-06-13;2024-07-08;2024-07-18;2024-08-06;2024-08-24;2024-08-29;Thurgau;Mittelland;2.484
770904966;731126;2024;2024-05-17;2024-06-07;2024-07-11;2024-07-18;2024-07-30;2024-08-12;2024-09-03;Graubünden;Alpensüdflanke;2.464
772195149;731206;2024;2024-05-20;2024-06-06;2024-07-05;2024-07-18;2024-07-29;2024-08-09;2024-08-27;Glarus;Alpennordflanke;2.515
767184433;731278;2024;2024-04-27;2024-06-17;2024-07-09;2024-07-18;2024-08-05;2024-08-16;2024-08-31;Thurgau;Mittelland;2.521
772023448;737230;2025;;2025-06-11;2025-07-02;2025-07-18;2025-08-08;2025-08-13;2025-08-31;St. Gallen;Alpennordflanke;2.555
772625123;743174;2024;2024-05-19;2024-06-06;2024-06-29;2024-07-18;2024-07-30;2024-08-12;2024-08-28;Graubünden;Östliche Zentralalpen;2.51
767889151;743254;2024;2024-04-29;2024-06-05;2024-07-09;2024-07-20;2024-07-30;2024-08-11;2024-08-29;St. Gallen;Mittelland;2.502
775405363;749150;2024;;2024-06-17;2024-07-09;2024-07-15;2024-07-30;2024-08-13;2024-08-27;Graubünden;Östliche Zentralalpen;2.354
768994381;749186;2024;2024-04-29;2024-06-05;2024-07-04;2024-07-14;2024-08-09;2024-08-12;2024-08-28;Graubünden;Östliche Zentralalpen;2.5
772224994;749198;2024;2024-06-04;2024-06-18;2024-07-14;2024-07-25;2024-08-10;2024-08-22;2024-08-29;St. Gallen;Östliche Zentralalpen;2.103
768555299;755222;2024;2024-04-29;2024-06-06;2024-06-29;2024-07-20;2024-07-29;2024-08-12;2024-08-23;St. Gallen;Alpennordflanke;2.492
771675692;761166;2024;2024-05-26;2024-06-19;2024-07-09;2024-07-18;2024-08-10;2024-08-23;2024-09-07;Graubünden;Östliche Zentralalpen;2.486
767716290;761246;2024;2024-04-29;2024-06-05;2024-06-28;2024-07-18;2024-07-27;2024-08-15;2024-08-30;St. Gallen;Mittelland;2.501
773306376;767190;2024;2024-05-11;2024-06-05;2024-07-08;2024-07-14;2024-07-26;2024-08-12;2024-08-29;Graubünden;Östliche Zentralalpen;2.473
772873998;779158;2024;;2024-06-19;2024-06-29;2024-07-14;2024-07-26;2024-08-10;2024-08-23;Graubünden;Östliche Zentralalpen;2.286
772961846;785182;2024;;2024-06-19;2024-07-10;2024-07-25;2024-07-31;2024-08-10;2024-08-29;Graubünden;Östliche Zentralalpen;2.525
775641852;791166;2024;;;2024-07-05;2024-07-26;2024-07-29;2024-08-15;;Graubünden;Östliche Zentralalpen;2.12
776071437;797150;2024;;;2024-07-11;2024-07-20;2024-07-30;2024-08-16;;Graubünden;Östliche Zentralalpen;2.235
770979106;803134;2024;2024-04-30;2024-06-05;2024-06-28;2024-07-11;2024-07-27;2024-08-11;2024-08-24;Graubünden;Alpensüdflanke;2.436
769501469;803174;2024;2024-05-19;2024-06-13;2024-07-11;2024-07-26;2024-07-28;2024-08-11;2024-08-30;Graubünden;Östliche Zentralalpen;2.505
771759644;821166;2024;;2024-06-18;2024-07-05;2024-07-15;2024-07-25;2024-08-09;2024-08-22;Graubünden;Östliche Zentralalpen;2.519
771323777;827190;2024;2024-06-04;2024-06-13;2024-07-08;2024-07-25;2024-08-08;2024-08-23;2024-09-03;Graubünden;Östliche Zentralalpen;2.5
803635766;497142;2025;2025-05-18;2025-06-13;2025-07-12;2025-07-18;2025-08-07;2025-08-12;2025-08-25;Vaud;Jura;2.63
801995335;509150;2025;2025-05-01;2025-06-12;2025-07-02;2025-07-18;2025-08-08;2025-08-14;2025-08-26;Vaud;Jura;2.481
802251813;527182;2025;2025-05-30;2025-06-10;2025-07-11;2025-07-18;2025-08-07;2025-08-18;2025-08-31;Vaud;Jura;2.463
799997995;533166;2025;2025-05-11;2025-06-13;2025-07-09;2025-07-23;2025-07-29;2025-08-16;2025-08-26;Vaud;Mittelland;2.524
801664938;539190;2025;2025-05-19;2025-06-12;2025-07-02;2025-07-22;2025-08-05;2025-08-11;2025-09-03;Vaud;Jura;2.503
800256546;545154;2025;2025-05-14;2025-06-09;2025-07-02;2025-07-22;2025-07-29;2025-08-17;2025-09-03;Vaud;Mittelland;2.506
801556820;545214;2025;2025-05-18;2025-06-10;2025-07-01;2025-07-22;2025-08-06;2025-08-12;2025-08-26;Neuchâtel;Jura;2.548
799524727;551158;2025;2025-05-14;2025-06-09;2025-07-02;2025-07-22;2025-07-29;2025-08-17;2025-09-03;Vaud;Mittelland;2.506
799756403;551198;2025;2025-05-14;2025-06-09;2025-07-04;2025-07-17;2025-08-05;2025-08-14;2025-08-25;Neuchâtel;Jura;2.501
798754979;557182;2025;2025-05-02;2025-06-10;2025-06-28;2025-07-18;2025-07-29;2025-08-12;2025-08-24;Fribourg;Mittelland;2.541
801748074;557222;2025;2025-05-16;2025-06-18;2025-07-10;2025-07-20;2025-07-30;2025-08-11;2025-08-25;Bern;Jura;2.545
797412813;563126;2025;2025-05-01;2025-06-09;2025-06-30;2025-07-20;2025-07-31;2025-08-16;2025-08-31;Vaud;Alpennordflanke;2.376
799140745;563206;2025;2021-05-14;2025-06-20;2025-07-02;2025-07-22;2025-08-10;2025-08-17;2025-09-03;Neuchâtel;Jura;2.513
801656416;563246;2025;2025-05-14;2025-06-11;2025-07-01;2025-07-23;2025-08-08;2025-08-15;2025-08-26;Jura;Jura;2.5
800438625;569150;2025;2025-05-18;2025-06-11;2025-07-10;2025-07-23;2025-08-08;2025-08-17;2025-08-31;Fribourg;Alpennordflanke;2.516
801823542;569230;2025;2025-05-15;2025-05-31;2025-06-30;2025-07-17;2025-08-08;2025-08-15;2025-09-07;Jura;Jura;2.503
801917328;575094;2025;2025-05-11;2025-06-11;2025-07-03;2025-07-18;2025-08-03;2025-08-17;2025-08-31;Valais;Westliche Zentralalpen;2.528
802331452;575174;2025;2025-05-15;2025-06-13;2025-07-02;2025-07-12;2025-08-07;2025-08-15;2025-08-25;Fribourg;Alpennordflanke;2.471
800015745;575214;2025;2025-05-10;2025-06-09;2025-07-01;2025-07-17;2025-07-29;2025-08-11;2025-08-25;Bern;Jura;2.498
801307010;575254;2025;2025-05-02;2025-06-10;2025-06-30;2025-07-22;2025-08-07;2025-08-14;2025-08-25;Jura;Mittelland;2.51
801218738;581118;2025;2025-05-02;2025-06-10;2025-07-01;2025-07-17;2025-07-31;2025-08-15;2025-09-07;Valais;Westliche Zentralalpen;2.573
799145129;581198;2025;2025-05-02;2025-06-09;2025-07-02;2025-07-17;2025-07-29;2025-08-13;2025-08-25;Fribourg;Mittelland;2.503
802425131;581238;2025;2025-05-31;2025-06-11;2025-07-05;2025-08-09;2025-08-11;2025-08-26;2025-09-06;Jura;Jura;2.503
802868258;587142;2025;2025-05-16;2025-06-10;2025-06-29;2025-07-18;2025-07-31;2025-08-11;2025-08-25;Bern;Alpennordflanke;2.533
800005748;587218;2025;2025-05-02;2025-06-13;2025-07-05;2025-07-17;2025-08-09;2025-08-11;2025-08-25;Bern;Mittelland;2.5
799322954;587222;2025;2025-05-10;2025-06-13;2025-07-05;2025-07-22;2025-08-09;2025-08-11;2025-08-26;Bern;Mittelland;2.51
807183205;593086;2025;;;2025-07-10;2025-07-30;2025-08-05;2025-08-19;;Valais;Westliche Zentralalpen;1.457
805629663;593166;2025;;2025-06-12;2025-06-29;2025-07-18;2025-08-08;2025-08-18;2025-08-31;Fribourg;Alpennordflanke;2.513
798708503;593246;2025;2025-05-11;2025-06-09;2025-07-05;2025-07-14;2025-08-06;2025-08-17;2025-08-25;Jura;Jura;2.501
804068133;599110;2025;2025-05-19;2025-06-11;2025-07-11;2025-07-18;2025-08-07;2025-08-15;2025-08-26;Valais;Westliche Zentralalpen;2.525
798754993;599190;2025;2025-05-10;2025-06-10;2025-07-02;2025-07-18;2025-07-30;2025-08-11;2025-08-31;Bern;Mittelland;2.535
801820576;599230;2025;2025-05-11;2025-06-12;2025-07-01;2025-07-20;2025-08-05;2025-08-13;2025-08-29;Solothurn;Jura;2.502
799743644;605214;2025;2025-05-11;2025-06-09;2025-06-30;2025-07-14;2025-07-29;2025-08-11;2025-08-26;Bern;Mittelland;2.512
799408433;605254;2025;2025-05-11;2025-06-10;2025-06-30;2025-07-18;2025-08-07;2025-08-12;2025-08-24;Basel-Landschaft;Jura;2.549
800690585;611238;2025;2025-05-02;2025-06-12;2025-07-02;2025-07-17;2025-08-08;2025-08-18;2025-08-25;Solothurn;Jura;2.503
800446681;617182;2025;2025-05-10;2025-06-12;2025-07-05;2025-07-18;2025-08-07;2025-08-11;2025-08-25;Bern;Alpennordflanke;2.499
798623158;617262;2025;2025-05-01;2025-06-11;2025-07-04;2025-07-13;2025-08-06;2025-08-18;2025-08-25;Basel-Landschaft;Mittelland;2.531
807274116;623118;2025;;;2025-07-09;2025-07-23;2025-07-31;2025-08-12;;Valais;Westliche Zentralalpen;2.126
803031924;623126;2025;2025-05-23;2025-06-06;2025-07-03;2025-07-17;2025-07-29;2025-08-14;2025-09-03;Valais;Westliche Zentralalpen;2.42
801738408;623206;2025;2025-05-10;2025-06-09;2025-06-30;2025-07-18;2025-08-06;2025-08-13;2025-08-26;Bern;Alpennordflanke;2.502
800956003;623246;2025;2025-05-01;2025-06-12;2025-06-30;2025-07-18;2025-08-09;2025-08-17;2025-08-24;Basel-Landschaft;Jura;2.539
799834350;629230;2025;2025-05-01;2025-06-21;2025-07-12;2025-07-31;2025-08-18;2025-08-26;2025-09-07;Bern;Mittelland;2.519
802790992;635174;2025;2025-05-16;2025-06-11;2025-06-28;2025-07-11;2025-08-07;2025-08-18;2025-08-25;Bern;Alpennordflanke;2.614
800092505;635254;2025;2025-05-01;2025-06-11;2025-06-30;2025-07-23;2025-08-09;2025-08-18;2025-08-29;Basel-Landschaft;Jura;2.516
805457280;641118;2025;;2025-06-12;2025-07-10;2025-07-22;2025-08-07;2025-08-10;2025-08-26;Valais;Westliche Zentralalpen;2.53
806569388;641158;2025;;;2025-07-11;2025-08-08;2025-08-12;2025-08-18;;Bern;Alpennordflanke;1.658
799570861;641198;2025;2025-05-02;2025-06-09;2025-07-02;2025-07-12;2025-08-07;2025-08-15;2025-08-26;Luzern;Alpennordflanke;2.517
799847322;641218;2025;2025-05-14;2025-06-11;2025-07-02;2025-07-23;2025-08-07;2025-08-12;2025-08-25;Luzern;Mittelland;2.499
800103413;647222;2025;2025-05-14;2025-06-11;2025-07-02;2025-07-18;2025-08-09;2025-08-19;2025-08-25;Luzern;Mittelland;2.506
800608500;647262;2025;2025-05-02;2025-06-09;2025-07-01;2025-07-17;2025-08-07;2025-08-18;2025-08-31;Aargau;Jura;2.511
799398706;653246;2025;2025-05-02;2025-05-30;2025-06-25;2025-07-10;2025-08-04;2025-08-11;2025-08-22;Aargau;Mittelland;2.596
799490296;659270;2025;2025-05-01;2025-05-29;2025-06-27;2025-07-13;2025-07-23;2025-08-13;2025-08-29;Aargau;Mittelland;1.985
799481448;665214;2025;2025-05-02;2025-05-30;2025-06-25;2025-07-10;2025-07-23;2025-08-11;2025-08-31;Luzern;Mittelland;2.512
804157116;671158;2025;;2025-06-11;2025-06-28;2025-07-18;2025-08-08;2025-08-12;2025-08-25;Valais;Westliche Zentralalpen;2.629
800350132;671238;2025;2025-05-03;2025-06-01;2025-06-30;2025-07-17;2025-07-29;2025-08-12;2025-09-03;Aargau;Mittelland;2.533
802847964;677182;2025;2025-05-19;2025-06-10;2025-06-25;2025-07-12;2025-08-08;2025-08-15;2025-08-25;Obwalden;Alpennordflanke;2.545
799227364;677262;2025;2025-05-02;2025-06-04;2025-07-04;2025-07-19;2025-07-31;2025-08-15;2025-08-31;Zürich;Mittelland;2.503
801741803;683126;2025;2025-05-02;2025-06-09;2025-07-09;2025-07-17;2025-08-03;2025-08-16;2025-08-26;Ticino;Alpensüdflanke;2.514
801902284;683134;2025;2025-05-01;2025-06-09;2025-06-29;2025-07-17;2025-07-29;2025-08-11;2025-08-26;Ticino;Alpensüdflanke;2.299
802793135;683206;2025;2025-05-01;2025-06-09;2025-07-01;2025-07-22;2025-08-07;2025-08-13;2025-08-27;Schwyz;Alpennordflanke;2.585
800439000;683286;2025;2025-05-10;2025-06-09;2025-07-11;2025-07-23;2025-08-09;2025-08-24;2025-09-06;Schaffhausen;Jura;2.454
800440705;689230;;;;;;;;;Zürich;Mittelland;2.494
808119115;695174;2025;;;2025-07-01;2025-07-18;2025-08-08;2025-08-18;;Uri;Alpennordflanke;1.183
799050853;695254;2025;2025-05-16;2025-06-12;2025-07-11;2025-07-17;2025-08-09;2025-08-19;2025-08-31;Zürich;Mittelland;2.503
800010575;701118;2025;2025-05-01;2025-05-30;2025-06-28;2025-07-17;2025-07-29;2025-08-11;2025-09-11;Ticino;Alpensüdflanke;2.96
804144663;701158;2025;;2025-06-18;2025-07-11;2025-07-22;2025-08-10;2025-08-12;2025-08-25;Ticino;Alpensüdflanke;2.379
804166650;701198;2025;2025-05-11;2025-06-11;2025-07-02;2025-07-18;2025-08-08;2025-08-14;2025-08-26;Uri;Alpennordflanke;2.483
800030067;701278;2025;2025-05-11;2025-06-09;2025-06-30;2025-07-20;2025-08-10;2025-08-15;2025-08-26;Zürich;Mittelland;2.485
800785381;707142;2025;2025-05-17;2025-06-09;2025-07-09;2025-07-22;2025-08-05;2025-08-18;2025-08-31;Ticino;Alpensüdflanke;2.634
802174659;707222;2025;2025-05-14;2025-06-11;2025-07-10;2025-07-18;2025-08-09;2025-08-13;2025-08-26;Schwyz;Alpennordflanke;2.494
803892381;713126;;;;;;;;;Ticino;Alpensüdflanke;2.347
801907776;713246;2025;2025-05-11;2025-06-13;2025-06-25;2025-07-13;2025-08-06;2025-08-15;2025-08-27;Zürich;Alpennordflanke;2.521
801385900;719110;2025;2025-05-02;2025-06-08;2025-07-03;2025-07-15;2025-07-31;2025-08-12;2025-08-31;Ticino;Alpensüdflanke;2.515
803480782;719150;2025;;2025-06-09;2025-07-10;2025-07-17;2025-08-08;2025-08-17;2025-09-06;Ticino;Alpensüdflanke;2.47
807170230;719190;2025;;2025-06-12;2025-07-01;2025-07-20;2025-08-07;2025-08-12;2025-08-25;Glarus;Alpennordflanke;2.452
799224444;719270;2025;2025-05-14;2025-06-10;2025-07-10;2025-07-18;2025-08-07;2025-08-12;2025-08-25;Thurgau;Mittelland;2.49
804921904;725134;2025;;2025-06-11;2025-07-09;2025-07-18;2025-07-30;2025-08-15;2025-09-03;Ticino;Alpensüdflanke;2.448
804334588;725214;2025;2025-05-19;2025-06-22;2025-07-05;2025-07-18;2025-07-30;2025-08-13;2025-08-25;Glarus;Alpennordflanke;2.596
802767309;731118;2025;2025-05-11;2025-06-12;2025-07-10;2025-07-18;2025-07-31;2025-08-12;2025-09-04;Graubünden;Alpensüdflanke;2.641
807983483;731158;2025;;;2025-07-11;2025-07-18;2025-08-09;2025-08-15;;Graubünden;Östliche Zentralalpen;1.666
801910743;731238;2025;2025-05-11;2025-06-09;2025-07-02;2025-07-19;2025-08-05;2025-08-15;2025-08-26;St. Gallen;Alpennordflanke;2.528
802071740;737142;2025;2025-05-18;2025-06-11;2025-07-04;2025-07-17;2025-07-29;2025-08-17;2025-08-26;Graubünden;Alpensüdflanke;2.55
799400178;737182;2025;2025-05-10;2025-06-09;2025-06-29;2025-07-11;2025-08-05;2025-08-12;2025-08-23;Graubünden;Östliche Zentralalpen;2.489
799394845;737262;2025;2025-05-14;2025-06-10;2025-07-10;2025-07-22;2025-08-07;2025-08-12;2025-08-25;Thurgau;Mittelland;2.501
804323390;743206;2025;2025-05-19;2025-05-30;2025-07-10;2025-07-18;2025-08-08;2025-08-11;2025-08-26;St. Gallen;Alpennordflanke;2.602
802022524;749230;2025;2025-05-14;2025-06-12;2025-07-02;2025-07-18;2025-08-09;2025-08-14;2025-08-31;St. Gallen;Alpennordflanke;2.518
800947153;755174;2025;2025-05-11;2025-06-11;2025-06-27;2025-07-12;2025-08-09;2025-08-19;2025-08-24;Graubünden;Östliche Zentralalpen;2.474
801378445;755254;2025;2025-05-19;2025-06-14;2025-06-30;2025-07-19;2025-08-05;2025-08-13;2025-08-25;Appenzell Ausserrhoden;Mittelland;2.546
798274311;761198;2025;2025-05-01;2025-06-10;2025-06-25;2025-07-11;2025-07-30;2025-08-11;2025-08-25;Graubünden;Östliche Zentralalpen;2.519
805922067;767142;2025;;2025-06-24;2025-07-03;2025-07-11;2025-08-08;2025-08-10;2025-08-31;Graubünden;Alpensüdflanke;2.414
804493867;773158;2025;;2025-06-09;2025-07-02;2025-07-20;2025-08-10;2025-08-12;2025-08-25;Graubünden;Östliche Zentralalpen;2.234
805106167;773166;2025;;2025-06-12;2025-06-27;2025-07-20;2025-08-07;2025-08-13;2025-08-31;Graubünden;Östliche Zentralalpen;2.498
807699375;779190;2025;;;2025-07-12;2025-07-30;2025-08-08;2025-08-13;;Graubünden;Östliche Zentralalpen;1.888
804756639;791158;2025;;2025-06-12;2025-06-28;2025-07-18;2025-08-07;2025-08-12;2025-08-26;Graubünden;Östliche Zentralalpen;2.551
804069578;797182;2025;;2025-06-10;2025-07-03;2025-07-18;2025-08-09;2025-08-13;2025-08-26;Graubünden;Östliche Zentralalpen;2.376
803639606;803126;2025;2025-05-16;2025-06-19;2025-06-29;2025-07-09;2025-08-05;2025-08-17;2025-08-23;Graubünden;Alpensüdflanke;2.23
808395615;815174;2025;;;2025-07-11;2025-07-18;2025-08-07;2025-08-19;;Graubünden;Östliche Zentralalpen;1.633
806242169;833166;2025;;;2025-06-29;2025-07-20;2025-08-08;2025-08-11;;Graubünden;Östliche Zentralalpen;2.508
